[
  {
    "id": 211,
    "chinese": "开始brainstorm",
    "english": ""
  },
  {
    "id": 212,
    "chinese": "拿到offer",
    "english": ""
  },
  {
    "id": 213,
    "chinese": "Deep learning model",
    "english": ""
  },
  {
    "id": 214,
    "chinese": "Like pop music",
    "english": ""
  },
  {
    "id": 215,
    "chinese": "相关的研究",
    "english": ""
  },
  {
    "id": 216,
    "chinese": "立个flag",
    "english": ""
  },
  {
    "id": 217,
    "chinese": "向mentor汇报",
    "english": ""
  },
  {
    "id": 218,
    "chinese": "Get the offer",
    "english": ""
  },
  {
    "id": 219,
    "chinese": "paper was rejected",
    "english": ""
  },
  {
    "id": 220,
    "chinese": "开始头脑风暴",
    "english": ""
  },
  {
    "id": 221,
    "chinese": "Pizza is delicious.",
    "english": ""
  },
  {
    "id": 222,
    "chinese": "speak english naturally",
    "english": ""
  },
  {
    "id": 223,
    "chinese": "交换想法",
    "english": ""
  },
  {
    "id": 224,
    "chinese": "Online editing",
    "english": ""
  },
  {
    "id": 225,
    "chinese": "立个目标",
    "english": ""
  },
  {
    "id": 226,
    "chinese": "签证过期",
    "english": ""
  },
  {
    "id": 227,
    "chinese": "买件new jacket",
    "english": ""
  },
  {
    "id": 228,
    "chinese": "打篮球",
    "english": ""
  },
  {
    "id": 229,
    "chinese": "Report to mentor",
    "english": ""
  },
  {
    "id": 230,
    "chinese": "制定schedule",
    "english": ""
  },
  {
    "id": 231,
    "chinese": "没吃brunch",
    "english": ""
  },
  {
    "id": 232,
    "chinese": "假日滑雪",
    "english": ""
  },
  {
    "id": 233,
    "chinese": "打Baseball",
    "english": ""
  },
  {
    "id": 234,
    "chinese": "机器学习模型",
    "english": ""
  },
  {
    "id": 235,
    "chinese": "Group聚会",
    "english": ""
  },
  {
    "id": 236,
    "chinese": "保持平衡",
    "english": ""
  },
  {
    "id": 237,
    "chinese": "看场movie",
    "english": ""
  },
  {
    "id": 238,
    "chinese": "Introduce motivations",
    "english": ""
  },
  {
    "id": 239,
    "chinese": "立个flag",
    "english": ""
  },
  {
    "id": 240,
    "chinese": "基线方法",
    "english": ""
  }
]