[
  {
    "id": 1051,
    "chinese": "tennis比赛",
    "english": ""
  },
  {
    "id": 1052,
    "chinese": "制定计划",
    "english": ""
  },
  {
    "id": 1053,
    "chinese": "尝起来pretty good",
    "english": ""
  },
  {
    "id": 1054,
    "chinese": "Create the backup plan",
    "english": ""
  },
  {
    "id": 1055,
    "chinese": "This feeling",
    "english": ""
  },
  {
    "id": 1056,
    "chinese": "table tennis match",
    "english": ""
  },
  {
    "id": 1057,
    "chinese": "英语熟练程度",
    "english": ""
  },
  {
    "id": 1058,
    "chinese": "video information",
    "english": ""
  },
  {
    "id": 1059,
    "chinese": "shopping next week",
    "english": ""
  },
  {
    "id": 1060,
    "chinese": "Group开会",
    "english": ""
  },
  {
    "id": 1061,
    "chinese": "Create the benchmark",
    "english": ""
  },
  {
    "id": 1062,
    "chinese": "独特的slogan",
    "english": ""
  },
  {
    "id": 1063,
    "chinese": "假日滑冰",
    "english": ""
  },
  {
    "id": 1064,
    "chinese": "copy the text",
    "english": ""
  },
  {
    "id": 1065,
    "chinese": "idea很有趣",
    "english": ""
  },
  {
    "id": 1066,
    "chinese": "相关的research",
    "english": ""
  },
  {
    "id": 1067,
    "chinese": "在家开party",
    "english": ""
  },
  {
    "id": 1068,
    "chinese": "看场movie",
    "english": ""
  },
  {
    "id": 1069,
    "chinese": "独特的slogan",
    "english": ""
  },
  {
    "id": 1070,
    "chinese": "This feeling",
    "english": ""
  },
  {
    "id": 1071,
    "chinese": "Start brainstorm",
    "english": ""
  },
  {
    "id": 1072,
    "chinese": "Share me the link",
    "english": ""
  },
  {
    "id": 1073,
    "chinese": "Send me the link",
    "english": ""
  },
  {
    "id": 1074,
    "chinese": "制定backup plan",
    "english": ""
  },
  {
    "id": 1075,
    "chinese": "table tennis match",
    "english": ""
  },
  {
    "id": 1076,
    "chinese": "相关的研究",
    "english": ""
  },
  {
    "id": 1077,
    "chinese": "打棒球",
    "english": ""
  },
  {
    "id": 1078,
    "chinese": "没吃午餐",
    "english": ""
  },
  {
    "id": 1079,
    "chinese": "Group聚会",
    "english": ""
  },
  {
    "id": 1080,
    "chinese": "debug代码",
    "english": ""
  }
]