[
  {
    "id": 1171,
    "chinese": "签证过期",
    "english": ""
  },
  {
    "id": 1172,
    "chinese": "Get the Funding",
    "english": ""
  },
  {
    "id": 1173,
    "chinese": "打Baseball",
    "english": ""
  },
  {
    "id": 1174,
    "chinese": "向主管汇报",
    "english": ""
  },
  {
    "id": 1175,
    "chinese": "独特的logo",
    "english": ""
  },
  {
    "id": 1176,
    "chinese": "假日滑雪",
    "english": ""
  },
  {
    "id": 1177,
    "chinese": "Draw a slide",
    "english": ""
  },
  {
    "id": 1178,
    "chinese": "tastes pretty good",
    "english": ""
  },
  {
    "id": 1179,
    "chinese": "申请Scholarships",
    "english": ""
  },
  {
    "id": 1180,
    "chinese": "唱嘻哈音乐",
    "english": ""
  },
  {
    "id": 1181,
    "chinese": "Chocolate flavor",
    "english": ""
  },
  {
    "id": 1182,
    "chinese": "制定计划",
    "english": ""
  },
  {
    "id": 1183,
    "chinese": "WiFi网络",
    "english": ""
  },
  {
    "id": 1184,
    "chinese": "audio信息",
    "english": ""
  },
  {
    "id": 1185,
    "chinese": "传统差异",
    "english": ""
  },
  {
    "id": 1186,
    "chinese": "Google搜索",
    "english": ""
  },
  {
    "id": 1187,
    "chinese": "Party at home",
    "english": ""
  },
  {
    "id": 1188,
    "chinese": "爱好reading",
    "english": ""
  },
  {
    "id": 1189,
    "chinese": "文章被拒绝",
    "english": ""
  },
  {
    "id": 1190,
    "chinese": "没吃午餐",
    "english": ""
  },
  {
    "id": 1191,
    "chinese": "Share me the link",
    "english": ""
  },
  {
    "id": 1192,
    "chinese": "向mentor汇报",
    "english": ""
  },
  {
    "id": 1193,
    "chinese": "做场presentation",
    "english": ""
  },
  {
    "id": 1194,
    "chinese": "WiFi热点",
    "english": ""
  },
  {
    "id": 1195,
    "chinese": "比赛最佳球员",
    "english": ""
  },
  {
    "id": 1196,
    "chinese": "新款beer",
    "english": ""
  },
  {
    "id": 1197,
    "chinese": "视频信息",
    "english": ""
  },
  {
    "id": 1198,
    "chinese": "Puppies are cute.",
    "english": ""
  },
  {
    "id": 1199,
    "chinese": "Open access papers",
    "english": ""
  },
  {
    "id": 1200,
    "chinese": "我的好朋友",
    "english": ""
  }
]