[
  {
    "id": 301,
    "chinese": "traditions difference",
    "english": ""
  },
  {
    "id": 302,
    "chinese": "做态势分析",
    "english": ""
  },
  {
    "id": 303,
    "chinese": "在家开派对",
    "english": ""
  },
  {
    "id": 304,
    "chinese": "小猫很cute",
    "english": ""
  },
  {
    "id": 305,
    "chinese": "制作demo",
    "english": ""
  },
  {
    "id": 306,
    "chinese": "发送封email",
    "english": ""
  },
  {
    "id": 307,
    "chinese": "tastes pretty good",
    "english": ""
  },
  {
    "id": 308,
    "chinese": "下周hiking",
    "english": ""
  },
  {
    "id": 309,
    "chinese": "Machine Learning model",
    "english": ""
  },
  {
    "id": 310,
    "chinese": "尽快提交论文",
    "english": ""
  },
  {
    "id": 311,
    "chinese": "Pizza很好吃",
    "english": ""
  },
  {
    "id": 312,
    "chinese": "签证有效",
    "english": ""
  },
  {
    "id": 313,
    "chinese": "修改proposal",
    "english": ""
  },
  {
    "id": 314,
    "chinese": "远程editing",
    "english": ""
  },
  {
    "id": 315,
    "chinese": "Ipad is expensive",
    "english": ""
  },
  {
    "id": 316,
    "chinese": "远程编辑",
    "english": ""
  },
  {
    "id": 317,
    "chinese": "保持平衡",
    "english": ""
  },
  {
    "id": 318,
    "chinese": "Do a SWOT analysis",
    "english": ""
  },
  {
    "id": 319,
    "chinese": "这个感觉",
    "english": ""
  },
  {
    "id": 320,
    "chinese": "在家开派对",
    "english": ""
  },
  {
    "id": 321,
    "chinese": "debug the code",
    "english": ""
  },
  {
    "id": 322,
    "chinese": "hiking next week",
    "english": ""
  },
  {
    "id": 323,
    "chinese": "Make a presentation",
    "english": ""
  },
  {
    "id": 324,
    "chinese": "Kittens are cute.",
    "english": ""
  },
  {
    "id": 325,
    "chinese": "交换想法",
    "english": ""
  },
  {
    "id": 326,
    "chinese": "Chocolate flavor",
    "english": ""
  },
  {
    "id": 327,
    "chinese": "保持balance",
    "english": ""
  },
  {
    "id": 328,
    "chinese": "在海边relax",
    "english": ""
  },
  {
    "id": 329,
    "chinese": "做场演讲",
    "english": ""
  },
  {
    "id": 330,
    "chinese": "baseline方法",
    "english": ""
  }
]