[
  {
    "id": 1201,
    "chinese": "尝起来不错",
    "english": ""
  },
  {
    "id": 1202,
    "chinese": "Idea works",
    "english": ""
  },
  {
    "id": 1203,
    "chinese": "假日skiing",
    "english": ""
  },
  {
    "id": 1204,
    "chinese": "巧克力口味",
    "english": ""
  },
  {
    "id": 1205,
    "chinese": "revise the proposal",
    "english": ""
  },
  {
    "id": 1206,
    "chinese": "Open access papers",
    "english": ""
  },
  {
    "id": 1207,
    "chinese": "收到封邮件",
    "english": ""
  },
  {
    "id": 1208,
    "chinese": "更新手机app",
    "english": ""
  },
  {
    "id": 1209,
    "chinese": "机器学习模型",
    "english": ""
  },
  {
    "id": 1210,
    "chinese": "我的good friends",
    "english": ""
  },
  {
    "id": 1211,
    "chinese": "我的好朋友",
    "english": ""
  },
  {
    "id": 1212,
    "chinese": "独特的slogan",
    "english": ""
  },
  {
    "id": 1213,
    "chinese": "hiking next week",
    "english": ""
  },
  {
    "id": 1214,
    "chinese": "文章被拒绝",
    "english": ""
  },
  {
    "id": 1215,
    "chinese": "寻找volunteers",
    "english": ""
  },
  {
    "id": 1216,
    "chinese": "喜欢流行音乐",
    "english": ""
  },
  {
    "id": 1217,
    "chinese": "Fill in the form",
    "english": ""
  },
  {
    "id": 1218,
    "chinese": "Deep learning模型",
    "english": ""
  },
  {
    "id": 1219,
    "chinese": "在线editing",
    "english": ""
  },
  {
    "id": 1220,
    "chinese": "revise the proposal",
    "english": ""
  },
  {
    "id": 1221,
    "chinese": "下周hiking",
    "english": ""
  },
  {
    "id": 1222,
    "chinese": "文章开源",
    "english": ""
  },
  {
    "id": 1223,
    "chinese": "制作模型",
    "english": ""
  },
  {
    "id": 1224,
    "chinese": "英语熟练程度",
    "english": ""
  },
  {
    "id": 1225,
    "chinese": "吃顿brunch",
    "english": ""
  },
  {
    "id": 1226,
    "chinese": "拿到基金",
    "english": ""
  },
  {
    "id": 1227,
    "chinese": "the Game MVP",
    "english": ""
  },
  {
    "id": 1228,
    "chinese": "你退出了",
    "english": ""
  },
  {
    "id": 1229,
    "chinese": "他很friendly",
    "english": ""
  },
  {
    "id": 1230,
    "chinese": "基线方法",
    "english": ""
  }
]