[
  {
    "id": 901,
    "chinese": "visa过期",
    "english": ""
  },
  {
    "id": 902,
    "chinese": "喜欢流行音乐",
    "english": ""
  },
  {
    "id": 903,
    "chinese": "分享我链接",
    "english": ""
  },
  {
    "id": 904,
    "chinese": "看场电影",
    "english": ""
  },
  {
    "id": 905,
    "chinese": "他很友好",
    "english": ""
  },
  {
    "id": 906,
    "chinese": "填写表格",
    "english": ""
  },
  {
    "id": 907,
    "chinese": "比赛最佳球员",
    "english": ""
  },
  {
    "id": 908,
    "chinese": "Play Baseball",
    "english": ""
  },
  {
    "id": 909,
    "chinese": "今天很busy",
    "english": ""
  },
  {
    "id": 910,
    "chinese": "参加顶级会议",
    "english": ""
  },
  {
    "id": 911,
    "chinese": "Draw a slide",
    "english": ""
  },
  {
    "id": 912,
    "chinese": "想法work",
    "english": ""
  },
  {
    "id": 913,
    "chinese": "爱好running",
    "english": ""
  },
  {
    "id": 914,
    "chinese": "吃顿午餐",
    "english": ""
  },
  {
    "id": 915,
    "chinese": "论文Co-authors",
    "english": ""
  },
  {
    "id": 916,
    "chinese": "立个目标",
    "english": ""
  },
  {
    "id": 917,
    "chinese": "收到封邮件",
    "english": ""
  },
  {
    "id": 918,
    "chinese": "Open access papers",
    "english": ""
  },
  {
    "id": 919,
    "chinese": "Start brainstorm",
    "english": ""
  },
  {
    "id": 920,
    "chinese": "Report to mentor",
    "english": ""
  },
  {
    "id": 921,
    "chinese": "添加你WeChat",
    "english": ""
  },
  {
    "id": 922,
    "chinese": "Make a demo",
    "english": ""
  },
  {
    "id": 923,
    "chinese": "Sing hip-hop music",
    "english": ""
  },
  {
    "id": 924,
    "chinese": "喜欢流行音乐",
    "english": ""
  },
  {
    "id": 925,
    "chinese": "WiFi网络",
    "english": ""
  },
  {
    "id": 926,
    "chinese": "today is very busy",
    "english": ""
  },
  {
    "id": 927,
    "chinese": "深度学习模型",
    "english": ""
  },
  {
    "id": 928,
    "chinese": "英语讲的地道",
    "english": ""
  },
  {
    "id": 929,
    "chinese": "团队建设计划",
    "english": ""
  },
  {
    "id": 930,
    "chinese": "sounds pretty good",
    "english": ""
  }
]