[
  {
    "id": 1321,
    "chinese": "new bar",
    "english": ""
  },
  {
    "id": 1322,
    "chinese": "新款beer",
    "english": ""
  },
  {
    "id": 1323,
    "chinese": "Expired visa",
    "english": ""
  },
  {
    "id": 1324,
    "chinese": "Get the offer",
    "english": ""
  },
  {
    "id": 1325,
    "chinese": "paper was rejected",
    "english": ""
  },
  {
    "id": 1326,
    "chinese": "小组聚会",
    "english": ""
  },
  {
    "id": 1327,
    "chinese": "下周购物",
    "english": ""
  },
  {
    "id": 1328,
    "chinese": "比赛MVP",
    "english": ""
  },
  {
    "id": 1329,
    "chinese": "谷歌搜索",
    "english": ""
  },
  {
    "id": 1330,
    "chinese": "乒乓球比赛",
    "english": ""
  },
  {
    "id": 1331,
    "chinese": "visa有效",
    "english": ""
  },
  {
    "id": 1332,
    "chinese": "tastes pretty good",
    "english": ""
  },
  {
    "id": 1333,
    "chinese": "Skip lunch",
    "english": ""
  },
  {
    "id": 1334,
    "chinese": "英语speaking naturally",
    "english": ""
  },
  {
    "id": 1335,
    "chinese": "别焦虑了",
    "english": ""
  },
  {
    "id": 1336,
    "chinese": "copy文本",
    "english": ""
  },
  {
    "id": 1337,
    "chinese": "介绍motivations",
    "english": ""
  },
  {
    "id": 1338,
    "chinese": "爱好reading",
    "english": ""
  },
  {
    "id": 1339,
    "chinese": "想法work",
    "english": ""
  },
  {
    "id": 1340,
    "chinese": "更新手机app",
    "english": ""
  },
  {
    "id": 1341,
    "chinese": "修订建议",
    "english": ""
  },
  {
    "id": 1342,
    "chinese": "Set a flag",
    "english": ""
  },
  {
    "id": 1343,
    "chinese": "新款啤酒",
    "english": ""
  },
  {
    "id": 1344,
    "chinese": "today is very busy",
    "english": ""
  },
  {
    "id": 1345,
    "chinese": "爱好跑步",
    "english": ""
  },
  {
    "id": 1346,
    "chinese": "披萨很好吃",
    "english": ""
  },
  {
    "id": 1347,
    "chinese": "想法不work",
    "english": ""
  },
  {
    "id": 1348,
    "chinese": "做场presentation",
    "english": ""
  },
  {
    "id": 1349,
    "chinese": "Like pop music",
    "english": ""
  },
  {
    "id": 1350,
    "chinese": "是的，然后呢",
    "english": ""
  }
]