[
  {
    "id": 961,
    "chinese": "向主管汇报",
    "english": ""
  },
  {
    "id": 962,
    "chinese": "debug the code",
    "english": ""
  },
  {
    "id": 963,
    "chinese": "Yeah,,然后呢",
    "english": ""
  },
  {
    "id": 964,
    "chinese": "Big Data analysis",
    "english": ""
  },
  {
    "id": 965,
    "chinese": "独特的标语",
    "english": ""
  },
  {
    "id": 966,
    "chinese": "New beer",
    "english": ""
  },
  {
    "id": 967,
    "chinese": "shopping next week",
    "english": ""
  },
  {
    "id": 968,
    "chinese": "Sing hip-hop music",
    "english": ""
  },
  {
    "id": 969,
    "chinese": "爱好running",
    "english": ""
  },
  {
    "id": 970,
    "chinese": "Yeah, and then",
    "english": ""
  },
  {
    "id": 971,
    "chinese": "Iphone很贵",
    "english": ""
  },
  {
    "id": 972,
    "chinese": "交换想法",
    "english": ""
  },
  {
    "id": 973,
    "chinese": "拿到录取通知",
    "english": ""
  },
  {
    "id": 974,
    "chinese": "发送我Link",
    "english": ""
  },
  {
    "id": 975,
    "chinese": "Iphones are expensive",
    "english": ""
  },
  {
    "id": 976,
    "chinese": "watch a movie",
    "english": ""
  },
  {
    "id": 977,
    "chinese": "team building plans",
    "english": ""
  },
  {
    "id": 978,
    "chinese": "Group party",
    "english": ""
  },
  {
    "id": 979,
    "chinese": "论文Co-authors",
    "english": ""
  },
  {
    "id": 980,
    "chinese": "Draw a slide",
    "english": ""
  },
  {
    "id": 981,
    "chinese": "开始brainstorm",
    "english": ""
  },
  {
    "id": 982,
    "chinese": "Big Data analysis",
    "english": ""
  },
  {
    "id": 983,
    "chinese": "假日skating",
    "english": ""
  },
  {
    "id": 984,
    "chinese": "Pizza is delicious.",
    "english": ""
  },
  {
    "id": 985,
    "chinese": "寻找志愿者",
    "english": ""
  },
  {
    "id": 986,
    "chinese": "参加top conference",
    "english": ""
  },
  {
    "id": 987,
    "chinese": "Send an email",
    "english": ""
  },
  {
    "id": 988,
    "chinese": "Make a demo",
    "english": ""
  },
  {
    "id": 989,
    "chinese": "Tennis match",
    "english": ""
  },
  {
    "id": 990,
    "chinese": "team building计划",
    "english": ""
  }
]