[
  {
    "id": 751,
    "chinese": "team building plans",
    "english": ""
  },
  {
    "id": 752,
    "chinese": "copy文本",
    "english": ""
  },
  {
    "id": 753,
    "chinese": "参加顶级会议",
    "english": ""
  },
  {
    "id": 754,
    "chinese": "修订建议",
    "english": ""
  },
  {
    "id": 755,
    "chinese": "发送我Link",
    "english": ""
  },
  {
    "id": 756,
    "chinese": "打篮球",
    "english": ""
  },
  {
    "id": 757,
    "chinese": "Apply for Scholarships",
    "english": ""
  },
  {
    "id": 758,
    "chinese": "远程editing",
    "english": ""
  },
  {
    "id": 759,
    "chinese": "love running",
    "english": ""
  },
  {
    "id": 760,
    "chinese": "比赛最佳球员",
    "english": ""
  },
  {
    "id": 761,
    "chinese": "打basketball",
    "english": ""
  },
  {
    "id": 762,
    "chinese": "经常喝咖啡",
    "english": ""
  },
  {
    "id": 763,
    "chinese": "假日skating",
    "english": ""
  },
  {
    "id": 764,
    "chinese": "相关的research",
    "english": ""
  },
  {
    "id": 765,
    "chinese": "想法行不通",
    "english": ""
  },
  {
    "id": 766,
    "chinese": "Fill in the form",
    "english": ""
  },
  {
    "id": 767,
    "chinese": "video information",
    "english": ""
  },
  {
    "id": 768,
    "chinese": "Valid visa",
    "english": ""
  },
  {
    "id": 769,
    "chinese": "分享我Link",
    "english": ""
  },
  {
    "id": 770,
    "chinese": "视频信息",
    "english": ""
  },
  {
    "id": 771,
    "chinese": "今天很busy",
    "english": ""
  },
  {
    "id": 772,
    "chinese": "经常喝coffee",
    "english": ""
  },
  {
    "id": 773,
    "chinese": "拿到offer",
    "english": ""
  },
  {
    "id": 774,
    "chinese": "Machine Learning模型",
    "english": ""
  },
  {
    "id": 775,
    "chinese": "他很友好",
    "english": ""
  },
  {
    "id": 776,
    "chinese": "Machine Learning模型",
    "english": ""
  },
  {
    "id": 777,
    "chinese": "Big Data analysis",
    "english": ""
  },
  {
    "id": 778,
    "chinese": "Idea doesn't work",
    "english": ""
  },
  {
    "id": 779,
    "chinese": "holiday skating",
    "english": ""
  },
  {
    "id": 780,
    "chinese": "Buy a new jacket",
    "english": ""
  }
]