[
  {
    "id": 391,
    "chinese": "paper was rejected",
    "english": ""
  },
  {
    "id": 392,
    "chinese": "你退出了",
    "english": ""
  },
  {
    "id": 393,
    "chinese": "idea很有趣",
    "english": ""
  },
  {
    "id": 394,
    "chinese": "在家开派对",
    "english": ""
  },
  {
    "id": 395,
    "chinese": "Open access papers",
    "english": ""
  },
  {
    "id": 396,
    "chinese": "制作demo",
    "english": ""
  },
  {
    "id": 397,
    "chinese": "Group聚会",
    "english": ""
  },
  {
    "id": 398,
    "chinese": "paper was accepted",
    "english": ""
  },
  {
    "id": 399,
    "chinese": "披萨很好吃",
    "english": ""
  },
  {
    "id": 400,
    "chinese": "经常喝咖啡",
    "english": ""
  },
  {
    "id": 401,
    "chinese": "文章Open access",
    "english": ""
  },
  {
    "id": 402,
    "chinese": "签证过期",
    "english": ""
  },
  {
    "id": 403,
    "chinese": "table tennis match",
    "english": ""
  },
  {
    "id": 404,
    "chinese": "我的好朋友",
    "english": ""
  },
  {
    "id": 405,
    "chinese": "visa有效",
    "english": ""
  },
  {
    "id": 406,
    "chinese": "独特的标志",
    "english": ""
  },
  {
    "id": 407,
    "chinese": "复制文本",
    "english": ""
  },
  {
    "id": 408,
    "chinese": "独特的slogan",
    "english": ""
  },
  {
    "id": 409,
    "chinese": "Make a schedule",
    "english": ""
  },
  {
    "id": 410,
    "chinese": "保持平衡",
    "english": ""
  },
  {
    "id": 411,
    "chinese": "Chocolate口味",
    "english": ""
  },
  {
    "id": 412,
    "chinese": "音频信息",
    "english": ""
  },
  {
    "id": 413,
    "chinese": "独特的标语",
    "english": ""
  },
  {
    "id": 414,
    "chinese": "Chocolate口味",
    "english": ""
  },
  {
    "id": 415,
    "chinese": "video information",
    "english": ""
  },
  {
    "id": 416,
    "chinese": "Pizza很好吃",
    "english": ""
  },
  {
    "id": 417,
    "chinese": "想法行得通",
    "english": ""
  },
  {
    "id": 418,
    "chinese": "修订proposal",
    "english": ""
  },
  {
    "id": 419,
    "chinese": "打棒球",
    "english": ""
  },
  {
    "id": 420,
    "chinese": "尽快submit papers",
    "english": ""
  }
]