[
  {
    "id": 1381,
    "chinese": "Send an email",
    "english": ""
  },
  {
    "id": 1382,
    "chinese": "Get the offer",
    "english": ""
  },
  {
    "id": 1383,
    "chinese": "Play basketball",
    "english": ""
  },
  {
    "id": 1384,
    "chinese": "英语proficiency",
    "english": ""
  },
  {
    "id": 1385,
    "chinese": "经常喝咖啡",
    "english": ""
  },
  {
    "id": 1386,
    "chinese": "尽快提交论文",
    "english": ""
  },
  {
    "id": 1387,
    "chinese": "立个目标",
    "english": ""
  },
  {
    "id": 1388,
    "chinese": "下周shopping",
    "english": ""
  },
  {
    "id": 1389,
    "chinese": "Idea works",
    "english": ""
  },
  {
    "id": 1390,
    "chinese": "Fill in the form",
    "english": ""
  },
  {
    "id": 1391,
    "chinese": "relax by the sea",
    "english": ""
  },
  {
    "id": 1392,
    "chinese": "炫耀自己",
    "english": ""
  },
  {
    "id": 1393,
    "chinese": "Update mobile app",
    "english": ""
  },
  {
    "id": 1394,
    "chinese": "唱嘻哈音乐",
    "english": ""
  },
  {
    "id": 1395,
    "chinese": "下周购物",
    "english": ""
  },
  {
    "id": 1396,
    "chinese": "音频信息",
    "english": ""
  },
  {
    "id": 1397,
    "chinese": "Pizza很好吃",
    "english": ""
  },
  {
    "id": 1398,
    "chinese": "下周hiking",
    "english": ""
  },
  {
    "id": 1399,
    "chinese": "文章开源",
    "english": ""
  },
  {
    "id": 1400,
    "chinese": "Looking for volunteers",
    "english": ""
  },
  {
    "id": 1401,
    "chinese": "Report to mentor",
    "english": ""
  },
  {
    "id": 1402,
    "chinese": "Idea doesn't work",
    "english": ""
  },
  {
    "id": 1403,
    "chinese": "做SWOT analysis",
    "english": ""
  },
  {
    "id": 1404,
    "chinese": "苹果手机很贵",
    "english": ""
  },
  {
    "id": 1405,
    "chinese": "Love reading",
    "english": ""
  },
  {
    "id": 1406,
    "chinese": "Yeah,,然后呢",
    "english": ""
  },
  {
    "id": 1407,
    "chinese": "拿到Funding",
    "english": ""
  },
  {
    "id": 1408,
    "chinese": "填写form",
    "english": ""
  },
  {
    "id": 1409,
    "chinese": "尽快submit papers",
    "english": ""
  },
  {
    "id": 1410,
    "chinese": "建立benchmark",
    "english": ""
  }
]