[
  {
    "id": 1231,
    "chinese": "Group meeting",
    "english": ""
  },
  {
    "id": 1232,
    "chinese": "Tennis match",
    "english": ""
  },
  {
    "id": 1233,
    "chinese": "WiFi网络",
    "english": ""
  },
  {
    "id": 1234,
    "chinese": "拿到Funding",
    "english": ""
  },
  {
    "id": 1235,
    "chinese": "Receive an email",
    "english": ""
  },
  {
    "id": 1236,
    "chinese": "watch a movie",
    "english": ""
  },
  {
    "id": 1237,
    "chinese": "喜欢pop music",
    "english": ""
  },
  {
    "id": 1238,
    "chinese": "修改proposal",
    "english": ""
  },
  {
    "id": 1239,
    "chinese": "论文作者",
    "english": ""
  },
  {
    "id": 1240,
    "chinese": "保持balance",
    "english": ""
  },
  {
    "id": 1241,
    "chinese": "Add your WeChat",
    "english": ""
  },
  {
    "id": 1242,
    "chinese": "table tennis比赛",
    "english": ""
  },
  {
    "id": 1243,
    "chinese": "英语proficiency",
    "english": ""
  },
  {
    "id": 1244,
    "chinese": "看场电影",
    "english": ""
  },
  {
    "id": 1245,
    "chinese": "Have lunch",
    "english": ""
  },
  {
    "id": 1246,
    "chinese": "收到封email",
    "english": ""
  },
  {
    "id": 1247,
    "chinese": "WiFi网络",
    "english": ""
  },
  {
    "id": 1248,
    "chinese": "开始brainstorm",
    "english": ""
  },
  {
    "id": 1249,
    "chinese": "你退出了",
    "english": ""
  },
  {
    "id": 1250,
    "chinese": "披萨很好吃",
    "english": ""
  },
  {
    "id": 1251,
    "chinese": "汉语熟练程度",
    "english": ""
  },
  {
    "id": 1252,
    "chinese": "show off自己",
    "english": ""
  },
  {
    "id": 1253,
    "chinese": "show off自己",
    "english": ""
  },
  {
    "id": 1254,
    "chinese": "经常喝咖啡",
    "english": ""
  },
  {
    "id": 1255,
    "chinese": "Do a SWOT analysis",
    "english": ""
  },
  {
    "id": 1256,
    "chinese": "修改建议",
    "english": ""
  },
  {
    "id": 1257,
    "chinese": "You're OUT.",
    "english": ""
  },
  {
    "id": 1258,
    "chinese": "Looking for volunteers",
    "english": ""
  },
  {
    "id": 1259,
    "chinese": "假日skiing",
    "english": ""
  },
  {
    "id": 1260,
    "chinese": "买件new jacket",
    "english": ""
  }
]