[
  {
    "id": 991,
    "chinese": "Party at home",
    "english": ""
  },
  {
    "id": 992,
    "chinese": "love running",
    "english": ""
  },
  {
    "id": 993,
    "chinese": "Share me the link",
    "english": ""
  },
  {
    "id": 994,
    "chinese": "买件新夹克",
    "english": ""
  },
  {
    "id": 995,
    "chinese": "新开的酒吧",
    "english": ""
  },
  {
    "id": 996,
    "chinese": "小组聚会",
    "english": ""
  },
  {
    "id": 997,
    "chinese": "Love reading",
    "english": ""
  },
  {
    "id": 998,
    "chinese": "holiday skiing",
    "english": ""
  },
  {
    "id": 999,
    "chinese": "traditions difference",
    "english": ""
  },
  {
    "id": 1000,
    "chinese": "修改proposal",
    "english": ""
  },
  {
    "id": 1001,
    "chinese": "show off自己",
    "english": ""
  },
  {
    "id": 1002,
    "chinese": "Introduce motivations",
    "english": ""
  },
  {
    "id": 1003,
    "chinese": "文章被accepted",
    "english": ""
  },
  {
    "id": 1004,
    "chinese": "文章被接受",
    "english": ""
  },
  {
    "id": 1005,
    "chinese": "Valid visa",
    "english": ""
  },
  {
    "id": 1006,
    "chinese": "今天很忙",
    "english": ""
  },
  {
    "id": 1007,
    "chinese": "爱好阅读",
    "english": ""
  },
  {
    "id": 1008,
    "chinese": "debug the code",
    "english": ""
  },
  {
    "id": 1009,
    "chinese": "这个feeling",
    "english": ""
  },
  {
    "id": 1010,
    "chinese": "你 OUT了",
    "english": ""
  },
  {
    "id": 1011,
    "chinese": "Get the Funding",
    "english": ""
  },
  {
    "id": 1012,
    "chinese": "经常喝coffee",
    "english": ""
  },
  {
    "id": 1013,
    "chinese": "Traditions差异",
    "english": ""
  },
  {
    "id": 1014,
    "chinese": "今天很忙",
    "english": ""
  },
  {
    "id": 1015,
    "chinese": "小组开会",
    "english": ""
  },
  {
    "id": 1016,
    "chinese": "new bar",
    "english": ""
  },
  {
    "id": 1017,
    "chinese": "Make a schedule",
    "english": ""
  },
  {
    "id": 1018,
    "chinese": "小狗很cute",
    "english": ""
  },
  {
    "id": 1019,
    "chinese": "爱好阅读",
    "english": ""
  },
  {
    "id": 1020,
    "chinese": "Traditions差异",
    "english": ""
  }
]