[
  {
    "id": 421,
    "chinese": "想法行不通",
    "english": ""
  },
  {
    "id": 422,
    "chinese": "Send me the link",
    "english": ""
  },
  {
    "id": 423,
    "chinese": "签证有效",
    "english": ""
  },
  {
    "id": 424,
    "chinese": "做SWOT analysis",
    "english": ""
  },
  {
    "id": 425,
    "chinese": "参加顶级会议",
    "english": ""
  },
  {
    "id": 426,
    "chinese": "想法work",
    "english": ""
  },
  {
    "id": 427,
    "chinese": "revise the proposal",
    "english": ""
  },
  {
    "id": 428,
    "chinese": "Report to mentor",
    "english": ""
  },
  {
    "id": 429,
    "chinese": "买件new jacket",
    "english": ""
  },
  {
    "id": 430,
    "chinese": "Report to mentor",
    "english": ""
  },
  {
    "id": 431,
    "chinese": "paper was rejected",
    "english": ""
  },
  {
    "id": 432,
    "chinese": "打basketball",
    "english": ""
  },
  {
    "id": 433,
    "chinese": "WiFi network",
    "english": ""
  },
  {
    "id": 434,
    "chinese": "baseline方法",
    "english": ""
  },
  {
    "id": 435,
    "chinese": "Group meeting",
    "english": ""
  },
  {
    "id": 436,
    "chinese": "更新手机应用",
    "english": ""
  },
  {
    "id": 437,
    "chinese": "拿到录取通知",
    "english": ""
  },
  {
    "id": 438,
    "chinese": "speak english naturally",
    "english": ""
  },
  {
    "id": 439,
    "chinese": "经常喝咖啡",
    "english": ""
  },
  {
    "id": 440,
    "chinese": "申请Scholarships",
    "english": ""
  },
  {
    "id": 441,
    "chinese": "他很友好",
    "english": ""
  },
  {
    "id": 442,
    "chinese": "交换想法",
    "english": ""
  },
  {
    "id": 443,
    "chinese": "没吃brunch",
    "english": ""
  },
  {
    "id": 444,
    "chinese": "Big Data分析",
    "english": ""
  },
  {
    "id": 445,
    "chinese": "Make a presentation",
    "english": ""
  },
  {
    "id": 446,
    "chinese": "大数据分析",
    "english": ""
  },
  {
    "id": 447,
    "chinese": "想法很有趣",
    "english": ""
  },
  {
    "id": 448,
    "chinese": "拿到offer",
    "english": ""
  },
  {
    "id": 449,
    "chinese": "别emo了",
    "english": ""
  },
  {
    "id": 450,
    "chinese": "baseline method",
    "english": ""
  }
]