[
  {
    "id": 1471,
    "chinese": "签证有效",
    "english": ""
  },
  {
    "id": 1472,
    "chinese": "文章Open access",
    "english": ""
  },
  {
    "id": 1473,
    "chinese": "建立benchmark",
    "english": ""
  },
  {
    "id": 1474,
    "chinese": "喜欢流行音乐",
    "english": ""
  },
  {
    "id": 1475,
    "chinese": "Party at home",
    "english": ""
  },
  {
    "id": 1476,
    "chinese": "小组开会",
    "english": ""
  },
  {
    "id": 1477,
    "chinese": "video信息",
    "english": ""
  },
  {
    "id": 1478,
    "chinese": "喜欢pop music",
    "english": ""
  },
  {
    "id": 1479,
    "chinese": "Iphone很贵",
    "english": ""
  },
  {
    "id": 1480,
    "chinese": "爱好阅读",
    "english": ""
  },
  {
    "id": 1481,
    "chinese": "Looking for volunteers",
    "english": ""
  },
  {
    "id": 1482,
    "chinese": "发送封邮件",
    "english": ""
  },
  {
    "id": 1483,
    "chinese": "文章Open access",
    "english": ""
  },
  {
    "id": 1484,
    "chinese": "Read the survey",
    "english": ""
  },
  {
    "id": 1485,
    "chinese": "做场演讲",
    "english": ""
  },
  {
    "id": 1486,
    "chinese": "大数据分析",
    "english": ""
  },
  {
    "id": 1487,
    "chinese": "他很友好",
    "english": ""
  },
  {
    "id": 1488,
    "chinese": "Ipad is expensive",
    "english": ""
  },
  {
    "id": 1489,
    "chinese": "Expired visa",
    "english": ""
  },
  {
    "id": 1490,
    "chinese": "阅读综述",
    "english": ""
  },
  {
    "id": 1491,
    "chinese": "Ipad is expensive",
    "english": ""
  },
  {
    "id": 1492,
    "chinese": "建立benchmark",
    "english": ""
  },
  {
    "id": 1493,
    "chinese": "分享我Link",
    "english": ""
  },
  {
    "id": 1494,
    "chinese": "在线编辑",
    "english": ""
  },
  {
    "id": 1495,
    "chinese": "开始brainstorm",
    "english": ""
  },
  {
    "id": 1496,
    "chinese": "Expired visa",
    "english": ""
  },
  {
    "id": 1497,
    "chinese": "吃顿午餐",
    "english": ""
  },
  {
    "id": 1498,
    "chinese": "填写form",
    "english": ""
  },
  {
    "id": 1499,
    "chinese": "参加顶级会议",
    "english": ""
  },
  {
    "id": 1500,
    "chinese": "exchange ideas",
    "english": ""
  }
]