[
  {
    "id": 541,
    "chinese": "小猫很可爱",
    "english": ""
  },
  {
    "id": 542,
    "chinese": "阅读survey",
    "english": ""
  },
  {
    "id": 543,
    "chinese": "Machine Learning模型",
    "english": ""
  },
  {
    "id": 544,
    "chinese": "英语proficiency",
    "english": ""
  },
  {
    "id": 545,
    "chinese": "Deep learning模型",
    "english": ""
  },
  {
    "id": 546,
    "chinese": "文章被rejected",
    "english": ""
  },
  {
    "id": 547,
    "chinese": "想法很有趣",
    "english": ""
  },
  {
    "id": 548,
    "chinese": "visa过期",
    "english": ""
  },
  {
    "id": 549,
    "chinese": "传统差异",
    "english": ""
  },
  {
    "id": 550,
    "chinese": "submit papers quickly",
    "english": ""
  },
  {
    "id": 551,
    "chinese": "制定备选方案",
    "english": ""
  },
  {
    "id": 552,
    "chinese": "唱嘻哈音乐",
    "english": ""
  },
  {
    "id": 553,
    "chinese": "Apply for Scholarships",
    "english": ""
  },
  {
    "id": 554,
    "chinese": "exchange ideas",
    "english": ""
  },
  {
    "id": 555,
    "chinese": "远程编辑",
    "english": ""
  },
  {
    "id": 556,
    "chinese": "制作demo",
    "english": ""
  },
  {
    "id": 557,
    "chinese": "别焦虑了",
    "english": ""
  },
  {
    "id": 558,
    "chinese": "买件new jacket",
    "english": ""
  },
  {
    "id": 559,
    "chinese": "无线网络",
    "english": ""
  },
  {
    "id": 560,
    "chinese": "无线热点",
    "english": ""
  },
  {
    "id": 561,
    "chinese": "听起来不错",
    "english": ""
  },
  {
    "id": 562,
    "chinese": "holiday skating",
    "english": ""
  },
  {
    "id": 563,
    "chinese": "love running",
    "english": ""
  },
  {
    "id": 564,
    "chinese": "苹果手机很贵",
    "english": ""
  },
  {
    "id": 565,
    "chinese": "Big Data analysis",
    "english": ""
  },
  {
    "id": 566,
    "chinese": "立个flag",
    "english": ""
  },
  {
    "id": 567,
    "chinese": "holiday skiing",
    "english": ""
  },
  {
    "id": 568,
    "chinese": "向主管汇报",
    "english": ""
  },
  {
    "id": 569,
    "chinese": "the Game MVP",
    "english": ""
  },
  {
    "id": 570,
    "chinese": "Open access papers",
    "english": ""
  }
]