[
  {
    "id": 1111,
    "chinese": "Love reading",
    "english": ""
  },
  {
    "id": 1112,
    "chinese": "Like pop music",
    "english": ""
  },
  {
    "id": 1113,
    "chinese": "独特的logo",
    "english": ""
  },
  {
    "id": 1114,
    "chinese": "今天很忙",
    "english": ""
  },
  {
    "id": 1115,
    "chinese": "Chocolate flavor",
    "english": ""
  },
  {
    "id": 1116,
    "chinese": "下周徒步",
    "english": ""
  },
  {
    "id": 1117,
    "chinese": "tennis比赛",
    "english": ""
  },
  {
    "id": 1118,
    "chinese": "新款beer",
    "english": ""
  },
  {
    "id": 1119,
    "chinese": "乒乓球比赛",
    "english": ""
  },
  {
    "id": 1120,
    "chinese": "new bar",
    "english": ""
  },
  {
    "id": 1121,
    "chinese": "Chinese proficiency",
    "english": ""
  },
  {
    "id": 1122,
    "chinese": "Machine Learning model",
    "english": ""
  },
  {
    "id": 1123,
    "chinese": "My good friends",
    "english": ""
  },
  {
    "id": 1124,
    "chinese": "audio information",
    "english": ""
  },
  {
    "id": 1125,
    "chinese": "copy the text",
    "english": ""
  },
  {
    "id": 1126,
    "chinese": "建立基准",
    "english": ""
  },
  {
    "id": 1127,
    "chinese": "想法不work",
    "english": ""
  },
  {
    "id": 1128,
    "chinese": "独特的logo",
    "english": ""
  },
  {
    "id": 1129,
    "chinese": "Google search",
    "english": ""
  },
  {
    "id": 1130,
    "chinese": "独特的logo",
    "english": ""
  },
  {
    "id": 1131,
    "chinese": "Big Data分析",
    "english": ""
  },
  {
    "id": 1132,
    "chinese": "我的好朋友",
    "english": ""
  },
  {
    "id": 1133,
    "chinese": "unique slogan",
    "english": ""
  },
  {
    "id": 1134,
    "chinese": "唱hip-hop music",
    "english": ""
  },
  {
    "id": 1135,
    "chinese": "Ipad is expensive",
    "english": ""
  },
  {
    "id": 1136,
    "chinese": "paper authors",
    "english": ""
  },
  {
    "id": 1137,
    "chinese": "Group party",
    "english": ""
  },
  {
    "id": 1138,
    "chinese": "寻找volunteers",
    "english": ""
  },
  {
    "id": 1139,
    "chinese": "比赛MVP",
    "english": ""
  },
  {
    "id": 1140,
    "chinese": "他很friendly",
    "english": ""
  }
]