[
  {
    "id": 1351,
    "chinese": "Yeah,,然后呢",
    "english": ""
  },
  {
    "id": 1352,
    "chinese": "更新手机应用",
    "english": ""
  },
  {
    "id": 1353,
    "chinese": "Ipad很贵",
    "english": ""
  },
  {
    "id": 1354,
    "chinese": "Read the survey",
    "english": ""
  },
  {
    "id": 1355,
    "chinese": "介绍motivations",
    "english": ""
  },
  {
    "id": 1356,
    "chinese": "做态势分析",
    "english": ""
  },
  {
    "id": 1357,
    "chinese": "Traditions差异",
    "english": ""
  },
  {
    "id": 1358,
    "chinese": "paper co-authors",
    "english": ""
  },
  {
    "id": 1359,
    "chinese": "调试代码",
    "english": ""
  },
  {
    "id": 1360,
    "chinese": "绘制幻灯片",
    "english": ""
  },
  {
    "id": 1361,
    "chinese": "这个感觉",
    "english": ""
  },
  {
    "id": 1362,
    "chinese": "想法很有趣",
    "english": ""
  },
  {
    "id": 1363,
    "chinese": "听起来不错",
    "english": ""
  },
  {
    "id": 1364,
    "chinese": "论文authors",
    "english": ""
  },
  {
    "id": 1365,
    "chinese": "Attend the top conference",
    "english": ""
  },
  {
    "id": 1366,
    "chinese": "Party at home",
    "english": ""
  },
  {
    "id": 1367,
    "chinese": "无线网络",
    "english": ""
  },
  {
    "id": 1368,
    "chinese": "制作模型",
    "english": ""
  },
  {
    "id": 1369,
    "chinese": "Ipad很贵",
    "english": ""
  },
  {
    "id": 1370,
    "chinese": "Keep a balance",
    "english": ""
  },
  {
    "id": 1371,
    "chinese": "team building计划",
    "english": ""
  },
  {
    "id": 1372,
    "chinese": "做场presentation",
    "english": ""
  },
  {
    "id": 1373,
    "chinese": "寻找volunteers",
    "english": ""
  },
  {
    "id": 1374,
    "chinese": "Group开会",
    "english": ""
  },
  {
    "id": 1375,
    "chinese": "看场movie",
    "english": ""
  },
  {
    "id": 1376,
    "chinese": "修改建议",
    "english": ""
  },
  {
    "id": 1377,
    "chinese": "机器学习模型",
    "english": ""
  },
  {
    "id": 1378,
    "chinese": "show off自己",
    "english": ""
  },
  {
    "id": 1379,
    "chinese": "relax by the sea",
    "english": ""
  },
  {
    "id": 1380,
    "chinese": "Skip lunch",
    "english": ""
  }
]