[
  {
    "id": 91,
    "chinese": "You're OUT.",
    "english": ""
  },
  {
    "id": 92,
    "chinese": "Create the benchmark",
    "english": ""
  },
  {
    "id": 93,
    "chinese": "英语speaking naturally",
    "english": ""
  },
  {
    "id": 94,
    "chinese": "拿到offer",
    "english": ""
  },
  {
    "id": 95,
    "chinese": "hiking next week",
    "english": ""
  },
  {
    "id": 96,
    "chinese": "Ipad很贵",
    "english": ""
  },
  {
    "id": 97,
    "chinese": "英语speaking naturally",
    "english": ""
  },
  {
    "id": 98,
    "chinese": "Have lunch",
    "english": ""
  },
  {
    "id": 99,
    "chinese": "论文authors",
    "english": ""
  },
  {
    "id": 100,
    "chinese": "制定备选方案",
    "english": ""
  },
  {
    "id": 101,
    "chinese": "team building计划",
    "english": ""
  },
  {
    "id": 102,
    "chinese": "Start brainstorm",
    "english": ""
  },
  {
    "id": 103,
    "chinese": "Attend the top conference",
    "english": ""
  },
  {
    "id": 104,
    "chinese": "发送我Link",
    "english": ""
  },
  {
    "id": 105,
    "chinese": "爱好跑步",
    "english": ""
  },
  {
    "id": 106,
    "chinese": "无线热点",
    "english": ""
  },
  {
    "id": 107,
    "chinese": "打Baseball",
    "english": ""
  },
  {
    "id": 108,
    "chinese": "更新手机应用",
    "english": ""
  },
  {
    "id": 109,
    "chinese": "My good friends",
    "english": ""
  },
  {
    "id": 110,
    "chinese": "Drink coffee regularly",
    "english": ""
  },
  {
    "id": 111,
    "chinese": "买件新夹克",
    "english": ""
  },
  {
    "id": 112,
    "chinese": "开始头脑风暴",
    "english": ""
  },
  {
    "id": 113,
    "chinese": "拿到录取通知",
    "english": ""
  },
  {
    "id": 114,
    "chinese": "Chinese proficiency",
    "english": ""
  },
  {
    "id": 115,
    "chinese": "Modify the proposal",
    "english": ""
  },
  {
    "id": 116,
    "chinese": "Introduce motivations",
    "english": ""
  },
  {
    "id": 117,
    "chinese": "Chocolate flavor",
    "english": ""
  },
  {
    "id": 118,
    "chinese": "没吃午餐",
    "english": ""
  },
  {
    "id": 119,
    "chinese": "制定backup plan",
    "english": ""
  },
  {
    "id": 120,
    "chinese": "video信息",
    "english": ""
  }
]