[
  {
    "id": 451,
    "chinese": "想法行不通",
    "english": ""
  },
  {
    "id": 452,
    "chinese": "Drink coffee regularly",
    "english": ""
  },
  {
    "id": 453,
    "chinese": "Add your WeChat",
    "english": ""
  },
  {
    "id": 454,
    "chinese": "复制文本",
    "english": ""
  },
  {
    "id": 455,
    "chinese": "制定计划",
    "english": ""
  },
  {
    "id": 456,
    "chinese": "speak english naturally",
    "english": ""
  },
  {
    "id": 457,
    "chinese": "经常喝coffee",
    "english": ""
  },
  {
    "id": 458,
    "chinese": "Receive an email",
    "english": ""
  },
  {
    "id": 459,
    "chinese": "基线方法",
    "english": ""
  },
  {
    "id": 460,
    "chinese": "爱好running",
    "english": ""
  },
  {
    "id": 461,
    "chinese": "You're OUT.",
    "english": ""
  },
  {
    "id": 462,
    "chinese": "我的good friends",
    "english": ""
  },
  {
    "id": 463,
    "chinese": "唱嘻哈音乐",
    "english": ""
  },
  {
    "id": 464,
    "chinese": "在海边relax",
    "english": ""
  },
  {
    "id": 465,
    "chinese": "Stop emo",
    "english": ""
  },
  {
    "id": 466,
    "chinese": "Expired visa",
    "english": ""
  },
  {
    "id": 467,
    "chinese": "Like pop music",
    "english": ""
  },
  {
    "id": 468,
    "chinese": "独特的标志",
    "english": ""
  },
  {
    "id": 469,
    "chinese": "show off oneself",
    "english": ""
  },
  {
    "id": 470,
    "chinese": "watch a movie",
    "english": ""
  },
  {
    "id": 471,
    "chinese": "发送封email",
    "english": ""
  },
  {
    "id": 472,
    "chinese": "填写表格",
    "english": ""
  },
  {
    "id": 473,
    "chinese": "Play Baseball",
    "english": ""
  },
  {
    "id": 474,
    "chinese": "the Game MVP",
    "english": ""
  },
  {
    "id": 475,
    "chinese": "乒乓球比赛",
    "english": ""
  },
  {
    "id": 476,
    "chinese": "论文作者",
    "english": ""
  },
  {
    "id": 477,
    "chinese": "copy文本",
    "english": ""
  },
  {
    "id": 478,
    "chinese": "文章被接受",
    "english": ""
  },
  {
    "id": 479,
    "chinese": "Chinese proficiency",
    "english": ""
  },
  {
    "id": 480,
    "chinese": "想法很有趣",
    "english": ""
  }
]