[
  {
    "id": 181,
    "chinese": "文章被拒绝",
    "english": ""
  },
  {
    "id": 182,
    "chinese": "建立benchmark",
    "english": ""
  },
  {
    "id": 183,
    "chinese": "炫耀自己",
    "english": ""
  },
  {
    "id": 184,
    "chinese": "Pizza is delicious.",
    "english": ""
  },
  {
    "id": 185,
    "chinese": "paper co-authors",
    "english": ""
  },
  {
    "id": 186,
    "chinese": "视频信息",
    "english": ""
  },
  {
    "id": 187,
    "chinese": "Update mobile app",
    "english": ""
  },
  {
    "id": 188,
    "chinese": "Idea doesn't work",
    "english": ""
  },
  {
    "id": 189,
    "chinese": "绘制幻灯片",
    "english": ""
  },
  {
    "id": 190,
    "chinese": "文章被accepted",
    "english": ""
  },
  {
    "id": 191,
    "chinese": "Machine Learning模型",
    "english": ""
  },
  {
    "id": 192,
    "chinese": "在线编辑",
    "english": ""
  },
  {
    "id": 193,
    "chinese": "新款啤酒",
    "english": ""
  },
  {
    "id": 194,
    "chinese": "Drink coffee regularly",
    "english": ""
  },
  {
    "id": 195,
    "chinese": "Get the Funding",
    "english": ""
  },
  {
    "id": 196,
    "chinese": "在家开party",
    "english": ""
  },
  {
    "id": 197,
    "chinese": "Buy a new jacket",
    "english": ""
  },
  {
    "id": 198,
    "chinese": "向mentor汇报",
    "english": ""
  },
  {
    "id": 199,
    "chinese": "拿到基金",
    "english": ""
  },
  {
    "id": 200,
    "chinese": "Deep learning模型",
    "english": ""
  },
  {
    "id": 201,
    "chinese": "新开的bar",
    "english": ""
  },
  {
    "id": 202,
    "chinese": "假日滑冰",
    "english": ""
  },
  {
    "id": 203,
    "chinese": "debug代码",
    "english": ""
  },
  {
    "id": 204,
    "chinese": "向mentor汇报",
    "english": ""
  },
  {
    "id": 205,
    "chinese": "Modify the proposal",
    "english": ""
  },
  {
    "id": 206,
    "chinese": "文章被rejected",
    "english": ""
  },
  {
    "id": 207,
    "chinese": "new bar",
    "english": ""
  },
  {
    "id": 208,
    "chinese": "相关的research",
    "english": ""
  },
  {
    "id": 209,
    "chinese": "Idea works",
    "english": ""
  },
  {
    "id": 210,
    "chinese": "Interesting ideas",
    "english": ""
  }
]