[
  {
    "id": 811,
    "chinese": "保持平衡",
    "english": ""
  },
  {
    "id": 812,
    "chinese": "下周shopping",
    "english": ""
  },
  {
    "id": 813,
    "chinese": "exchange ideas",
    "english": ""
  },
  {
    "id": 814,
    "chinese": "audio信息",
    "english": ""
  },
  {
    "id": 815,
    "chinese": "介绍动机",
    "english": ""
  },
  {
    "id": 816,
    "chinese": "文章开源",
    "english": ""
  },
  {
    "id": 817,
    "chinese": "想法不work",
    "english": ""
  },
  {
    "id": 818,
    "chinese": "submit papers quickly",
    "english": ""
  },
  {
    "id": 819,
    "chinese": "Buy a new jacket",
    "english": ""
  },
  {
    "id": 820,
    "chinese": "文章被rejected",
    "english": ""
  },
  {
    "id": 821,
    "chinese": "比赛MVP",
    "english": ""
  },
  {
    "id": 822,
    "chinese": "发送封邮件",
    "english": ""
  },
  {
    "id": 823,
    "chinese": "制作模型",
    "english": ""
  },
  {
    "id": 824,
    "chinese": "Ipad is expensive",
    "english": ""
  },
  {
    "id": 825,
    "chinese": "炫耀自己",
    "english": ""
  },
  {
    "id": 826,
    "chinese": "在海边放松",
    "english": ""
  },
  {
    "id": 827,
    "chinese": "拿到offer",
    "english": ""
  },
  {
    "id": 828,
    "chinese": "无线网络",
    "english": ""
  },
  {
    "id": 829,
    "chinese": "Tennis match",
    "english": ""
  },
  {
    "id": 830,
    "chinese": "show off oneself",
    "english": ""
  },
  {
    "id": 831,
    "chinese": "拿到基金",
    "english": ""
  },
  {
    "id": 832,
    "chinese": "签证过期",
    "english": ""
  },
  {
    "id": 833,
    "chinese": "无线热点",
    "english": ""
  },
  {
    "id": 834,
    "chinese": "holiday skating",
    "english": ""
  },
  {
    "id": 835,
    "chinese": "填写form",
    "english": ""
  },
  {
    "id": 836,
    "chinese": "hiking next week",
    "english": ""
  },
  {
    "id": 837,
    "chinese": "Big Data分析",
    "english": ""
  },
  {
    "id": 838,
    "chinese": "audio信息",
    "english": ""
  },
  {
    "id": 839,
    "chinese": "下周shopping",
    "english": ""
  },
  {
    "id": 840,
    "chinese": "Apply for Scholarships",
    "english": ""
  }
]