[
  {
    "id": 781,
    "chinese": "参加顶级会议",
    "english": ""
  },
  {
    "id": 782,
    "chinese": "传统差异",
    "english": ""
  },
  {
    "id": 783,
    "chinese": "team building plans",
    "english": ""
  },
  {
    "id": 784,
    "chinese": "WiFi network",
    "english": ""
  },
  {
    "id": 785,
    "chinese": "unique slogan",
    "english": ""
  },
  {
    "id": 786,
    "chinese": "分享我链接",
    "english": ""
  },
  {
    "id": 787,
    "chinese": "Group party",
    "english": ""
  },
  {
    "id": 788,
    "chinese": "分享我Link",
    "english": ""
  },
  {
    "id": 789,
    "chinese": "baseline method",
    "english": ""
  },
  {
    "id": 790,
    "chinese": "绘制slide",
    "english": ""
  },
  {
    "id": 791,
    "chinese": "visa过期",
    "english": ""
  },
  {
    "id": 792,
    "chinese": "Pizza很好吃",
    "english": ""
  },
  {
    "id": 793,
    "chinese": "Online editing",
    "english": ""
  },
  {
    "id": 794,
    "chinese": "英语speaking naturally",
    "english": ""
  },
  {
    "id": 795,
    "chinese": "介绍动机",
    "english": ""
  },
  {
    "id": 796,
    "chinese": "下周hiking",
    "english": ""
  },
  {
    "id": 797,
    "chinese": "Interesting ideas",
    "english": ""
  },
  {
    "id": 798,
    "chinese": "文章被接受",
    "english": ""
  },
  {
    "id": 799,
    "chinese": "论文合作者",
    "english": ""
  },
  {
    "id": 800,
    "chinese": "发送我链接",
    "english": ""
  },
  {
    "id": 801,
    "chinese": "汉语proficiency",
    "english": ""
  },
  {
    "id": 802,
    "chinese": "远程编辑",
    "english": ""
  },
  {
    "id": 803,
    "chinese": "文章被拒绝",
    "english": ""
  },
  {
    "id": 804,
    "chinese": "baseline method",
    "english": ""
  },
  {
    "id": 805,
    "chinese": "远程editing",
    "english": ""
  },
  {
    "id": 806,
    "chinese": "Create the backup plan",
    "english": ""
  },
  {
    "id": 807,
    "chinese": "tennis比赛",
    "english": ""
  },
  {
    "id": 808,
    "chinese": "小狗很可爱",
    "english": ""
  },
  {
    "id": 809,
    "chinese": "签证有效",
    "english": ""
  },
  {
    "id": 810,
    "chinese": "Machine Learning model",
    "english": ""
  }
]