[
  {
    "id": 151,
    "chinese": "在线编辑",
    "english": ""
  },
  {
    "id": 152,
    "chinese": "Google搜索",
    "english": ""
  },
  {
    "id": 153,
    "chinese": "英语讲的地道",
    "english": ""
  },
  {
    "id": 154,
    "chinese": "Receive an email",
    "english": ""
  },
  {
    "id": 155,
    "chinese": "新开的酒吧",
    "english": ""
  },
  {
    "id": 156,
    "chinese": "Love reading",
    "english": ""
  },
  {
    "id": 157,
    "chinese": "This feeling",
    "english": ""
  },
  {
    "id": 158,
    "chinese": "Stop emo",
    "english": ""
  },
  {
    "id": 159,
    "chinese": "尝起来pretty good",
    "english": ""
  },
  {
    "id": 160,
    "chinese": "经常喝coffee",
    "english": ""
  },
  {
    "id": 161,
    "chinese": "想法work",
    "english": ""
  },
  {
    "id": 162,
    "chinese": "论文作者",
    "english": ""
  },
  {
    "id": 163,
    "chinese": "相关的研究",
    "english": ""
  },
  {
    "id": 164,
    "chinese": "基线方法",
    "english": ""
  },
  {
    "id": 165,
    "chinese": "没吃午餐",
    "english": ""
  },
  {
    "id": 166,
    "chinese": "在线编辑",
    "english": ""
  },
  {
    "id": 167,
    "chinese": "Make a presentation",
    "english": ""
  },
  {
    "id": 168,
    "chinese": "基线方法",
    "english": ""
  },
  {
    "id": 169,
    "chinese": "深度学习模型",
    "english": ""
  },
  {
    "id": 170,
    "chinese": "小组聚会",
    "english": ""
  },
  {
    "id": 171,
    "chinese": "做态势分析",
    "english": ""
  },
  {
    "id": 172,
    "chinese": "炫耀自己",
    "english": ""
  },
  {
    "id": 173,
    "chinese": "修改proposal",
    "english": ""
  },
  {
    "id": 174,
    "chinese": "交换ideas",
    "english": ""
  },
  {
    "id": 175,
    "chinese": "小猫很可爱",
    "english": ""
  },
  {
    "id": 176,
    "chinese": "想法行不通",
    "english": ""
  },
  {
    "id": 177,
    "chinese": "在家开派对",
    "english": ""
  },
  {
    "id": 178,
    "chinese": "保持balance",
    "english": ""
  },
  {
    "id": 179,
    "chinese": "新款beer",
    "english": ""
  },
  {
    "id": 180,
    "chinese": "小狗很可爱",
    "english": ""
  }
]