[
  {
    "id": 241,
    "chinese": "Machine Learning model",
    "english": ""
  },
  {
    "id": 242,
    "chinese": "My good friends",
    "english": ""
  },
  {
    "id": 243,
    "chinese": "Traditions差异",
    "english": ""
  },
  {
    "id": 244,
    "chinese": "Yeah, and then",
    "english": ""
  },
  {
    "id": 245,
    "chinese": "论文Co-authors",
    "english": ""
  },
  {
    "id": 246,
    "chinese": "今天很忙",
    "english": ""
  },
  {
    "id": 247,
    "chinese": "speak english naturally",
    "english": ""
  },
  {
    "id": 248,
    "chinese": "Group meeting",
    "english": ""
  },
  {
    "id": 249,
    "chinese": "汉语熟练程度",
    "english": ""
  },
  {
    "id": 250,
    "chinese": "深度学习模型",
    "english": ""
  },
  {
    "id": 251,
    "chinese": "Big Data analysis",
    "english": ""
  },
  {
    "id": 252,
    "chinese": "Stop emo",
    "english": ""
  },
  {
    "id": 253,
    "chinese": "Yeah,,然后呢",
    "english": ""
  },
  {
    "id": 254,
    "chinese": "修改建议",
    "english": ""
  },
  {
    "id": 255,
    "chinese": "debug代码",
    "english": ""
  },
  {
    "id": 256,
    "chinese": "音频信息",
    "english": ""
  },
  {
    "id": 257,
    "chinese": "收到封邮件",
    "english": ""
  },
  {
    "id": 258,
    "chinese": "在海边放松",
    "english": ""
  },
  {
    "id": 259,
    "chinese": "别焦虑了",
    "english": ""
  },
  {
    "id": 260,
    "chinese": "在海边relax",
    "english": ""
  },
  {
    "id": 261,
    "chinese": "阅读survey",
    "english": ""
  },
  {
    "id": 262,
    "chinese": "我的good friends",
    "english": ""
  },
  {
    "id": 263,
    "chinese": "小狗很cute",
    "english": ""
  },
  {
    "id": 264,
    "chinese": "拿到Funding",
    "english": ""
  },
  {
    "id": 265,
    "chinese": "做SWOT analysis",
    "english": ""
  },
  {
    "id": 266,
    "chinese": "Yeah,,然后呢",
    "english": ""
  },
  {
    "id": 267,
    "chinese": "Valid visa",
    "english": ""
  },
  {
    "id": 268,
    "chinese": "你退出了",
    "english": ""
  },
  {
    "id": 269,
    "chinese": "English proficiency",
    "english": ""
  },
  {
    "id": 270,
    "chinese": "today is very busy",
    "english": ""
  }
]