[
  {
    "id": 271,
    "chinese": "参加top conference",
    "english": ""
  },
  {
    "id": 272,
    "chinese": "复制文本",
    "english": ""
  },
  {
    "id": 273,
    "chinese": "参加top conference",
    "english": ""
  },
  {
    "id": 274,
    "chinese": "submit papers quickly",
    "english": ""
  },
  {
    "id": 275,
    "chinese": "尽快提交论文",
    "english": ""
  },
  {
    "id": 276,
    "chinese": "做SWOT analysis",
    "english": ""
  },
  {
    "id": 277,
    "chinese": "调试代码",
    "english": ""
  },
  {
    "id": 278,
    "chinese": "team building计划",
    "english": ""
  },
  {
    "id": 279,
    "chinese": "英语讲的地道",
    "english": ""
  },
  {
    "id": 280,
    "chinese": "小猫很可爱",
    "english": ""
  },
  {
    "id": 281,
    "chinese": "制作模型",
    "english": ""
  },
  {
    "id": 282,
    "chinese": "WiFi热点",
    "english": ""
  },
  {
    "id": 283,
    "chinese": "copy the text",
    "english": ""
  },
  {
    "id": 284,
    "chinese": "在海边relax",
    "english": ""
  },
  {
    "id": 285,
    "chinese": "小狗很可爱",
    "english": ""
  },
  {
    "id": 286,
    "chinese": "爱好reading",
    "english": ""
  },
  {
    "id": 287,
    "chinese": "copy文本",
    "english": ""
  },
  {
    "id": 288,
    "chinese": "汉语熟练程度",
    "english": ""
  },
  {
    "id": 289,
    "chinese": "在线编辑",
    "english": ""
  },
  {
    "id": 290,
    "chinese": "Puppies are cute.",
    "english": ""
  },
  {
    "id": 291,
    "chinese": "新款beer",
    "english": ""
  },
  {
    "id": 292,
    "chinese": "新款啤酒",
    "english": ""
  },
  {
    "id": 293,
    "chinese": "unique logo",
    "english": ""
  },
  {
    "id": 294,
    "chinese": "Chinese proficiency",
    "english": ""
  },
  {
    "id": 295,
    "chinese": "团队建设计划",
    "english": ""
  },
  {
    "id": 296,
    "chinese": "relax by the sea",
    "english": ""
  },
  {
    "id": 297,
    "chinese": "文章被拒绝",
    "english": ""
  },
  {
    "id": 298,
    "chinese": "想法work",
    "english": ""
  },
  {
    "id": 299,
    "chinese": "汉语proficiency",
    "english": ""
  },
  {
    "id": 300,
    "chinese": "Add your WeChat",
    "english": ""
  }
]