[
  {
    "id": 661,
    "chinese": "网球比赛",
    "english": ""
  },
  {
    "id": 662,
    "chinese": "保持平衡",
    "english": ""
  },
  {
    "id": 663,
    "chinese": "Iphones are expensive",
    "english": ""
  },
  {
    "id": 664,
    "chinese": "尽快提交论文",
    "english": ""
  },
  {
    "id": 665,
    "chinese": "revise the proposal",
    "english": ""
  },
  {
    "id": 666,
    "chinese": "下周shopping",
    "english": ""
  },
  {
    "id": 667,
    "chinese": "团队建设计划",
    "english": ""
  },
  {
    "id": 668,
    "chinese": "看场电影",
    "english": ""
  },
  {
    "id": 669,
    "chinese": "添加你微信",
    "english": ""
  },
  {
    "id": 670,
    "chinese": "绘制slide",
    "english": ""
  },
  {
    "id": 671,
    "chinese": "论文合作者",
    "english": ""
  },
  {
    "id": 672,
    "chinese": "假日滑冰",
    "english": ""
  },
  {
    "id": 673,
    "chinese": "文章被接受",
    "english": ""
  },
  {
    "id": 674,
    "chinese": "Share me the link",
    "english": ""
  },
  {
    "id": 675,
    "chinese": "寻找志愿者",
    "english": ""
  },
  {
    "id": 676,
    "chinese": "tennis比赛",
    "english": ""
  },
  {
    "id": 677,
    "chinese": "寻找志愿者",
    "english": ""
  },
  {
    "id": 678,
    "chinese": "Interesting ideas",
    "english": ""
  },
  {
    "id": 679,
    "chinese": "Group party",
    "english": ""
  },
  {
    "id": 680,
    "chinese": "向mentor汇报",
    "english": ""
  },
  {
    "id": 681,
    "chinese": "尽快submit papers",
    "english": ""
  },
  {
    "id": 682,
    "chinese": "打Baseball",
    "english": ""
  },
  {
    "id": 683,
    "chinese": "新款啤酒",
    "english": ""
  },
  {
    "id": 684,
    "chinese": "寻找志愿者",
    "english": ""
  },
  {
    "id": 685,
    "chinese": "Chocolate口味",
    "english": ""
  },
  {
    "id": 686,
    "chinese": "申请奖学金",
    "english": ""
  },
  {
    "id": 687,
    "chinese": "Deep learning model",
    "english": ""
  },
  {
    "id": 688,
    "chinese": "relax by the sea",
    "english": ""
  },
  {
    "id": 689,
    "chinese": "He's very friendly.",
    "english": ""
  },
  {
    "id": 690,
    "chinese": "开始头脑风暴",
    "english": ""
  }
]