[
  {
    "id": 31,
    "chinese": "Draw a slide",
    "english": ""
  },
  {
    "id": 32,
    "chinese": "平板很贵",
    "english": ""
  },
  {
    "id": 33,
    "chinese": "在家开party",
    "english": ""
  },
  {
    "id": 34,
    "chinese": "copy the text",
    "english": ""
  },
  {
    "id": 35,
    "chinese": "Tennis match",
    "english": ""
  },
  {
    "id": 36,
    "chinese": "网球比赛",
    "english": ""
  },
  {
    "id": 37,
    "chinese": "相关的research",
    "english": ""
  },
  {
    "id": 38,
    "chinese": "watch a movie",
    "english": ""
  },
  {
    "id": 39,
    "chinese": "Stop emo",
    "english": ""
  },
  {
    "id": 40,
    "chinese": "sounds pretty good",
    "english": ""
  },
  {
    "id": 41,
    "chinese": "假日skating",
    "english": ""
  },
  {
    "id": 42,
    "chinese": "独特的标志",
    "english": ""
  },
  {
    "id": 43,
    "chinese": "修订建议",
    "english": ""
  },
  {
    "id": 44,
    "chinese": "假日skiing",
    "english": ""
  },
  {
    "id": 45,
    "chinese": "开始头脑风暴",
    "english": ""
  },
  {
    "id": 46,
    "chinese": "申请奖学金",
    "english": ""
  },
  {
    "id": 47,
    "chinese": "添加你微信",
    "english": ""
  },
  {
    "id": 48,
    "chinese": "Do a SWOT analysis",
    "english": ""
  },
  {
    "id": 49,
    "chinese": "介绍动机",
    "english": ""
  },
  {
    "id": 50,
    "chinese": "Get the offer",
    "english": ""
  },
  {
    "id": 51,
    "chinese": "Looking for volunteers",
    "english": ""
  },
  {
    "id": 52,
    "chinese": "新开的酒吧",
    "english": ""
  },
  {
    "id": 53,
    "chinese": "这个感觉",
    "english": ""
  },
  {
    "id": 54,
    "chinese": "吃顿午餐",
    "english": ""
  },
  {
    "id": 55,
    "chinese": "下周徒步",
    "english": ""
  },
  {
    "id": 56,
    "chinese": "绘制幻灯片",
    "english": ""
  },
  {
    "id": 57,
    "chinese": "Keep a balance",
    "english": ""
  },
  {
    "id": 58,
    "chinese": "打basketball",
    "english": ""
  },
  {
    "id": 59,
    "chinese": "Remote editing",
    "english": ""
  },
  {
    "id": 60,
    "chinese": "WiFi hotspot",
    "english": ""
  }
]