[
  {
    "id": 1291,
    "chinese": "申请奖学金",
    "english": ""
  },
  {
    "id": 1292,
    "chinese": "无线网络",
    "english": ""
  },
  {
    "id": 1293,
    "chinese": "申请Scholarships",
    "english": ""
  },
  {
    "id": 1294,
    "chinese": "假日skiing",
    "english": ""
  },
  {
    "id": 1295,
    "chinese": "立个flag",
    "english": ""
  },
  {
    "id": 1296,
    "chinese": "Machine Learning模型",
    "english": ""
  },
  {
    "id": 1297,
    "chinese": "英语proficiency",
    "english": ""
  },
  {
    "id": 1298,
    "chinese": "想法行得通",
    "english": ""
  },
  {
    "id": 1299,
    "chinese": "英语讲的地道",
    "english": ""
  },
  {
    "id": 1300,
    "chinese": "Buy a new jacket",
    "english": ""
  },
  {
    "id": 1301,
    "chinese": "Sing hip-hop music",
    "english": ""
  },
  {
    "id": 1302,
    "chinese": "没吃brunch",
    "english": ""
  },
  {
    "id": 1303,
    "chinese": "听起来pretty good",
    "english": ""
  },
  {
    "id": 1304,
    "chinese": "unique logo",
    "english": ""
  },
  {
    "id": 1305,
    "chinese": "英语熟练程度",
    "english": ""
  },
  {
    "id": 1306,
    "chinese": "visa有效",
    "english": ""
  },
  {
    "id": 1307,
    "chinese": "文章开源",
    "english": ""
  },
  {
    "id": 1308,
    "chinese": "经常喝coffee",
    "english": ""
  },
  {
    "id": 1309,
    "chinese": "audio information",
    "english": ""
  },
  {
    "id": 1310,
    "chinese": "tastes pretty good",
    "english": ""
  },
  {
    "id": 1311,
    "chinese": "Play basketball",
    "english": ""
  },
  {
    "id": 1312,
    "chinese": "paper was rejected",
    "english": ""
  },
  {
    "id": 1313,
    "chinese": "Relevant research",
    "english": ""
  },
  {
    "id": 1314,
    "chinese": "网球比赛",
    "english": ""
  },
  {
    "id": 1315,
    "chinese": "添加你WeChat",
    "english": ""
  },
  {
    "id": 1316,
    "chinese": "你 OUT了",
    "english": ""
  },
  {
    "id": 1317,
    "chinese": "Skip lunch",
    "english": ""
  },
  {
    "id": 1318,
    "chinese": "Skip lunch",
    "english": ""
  },
  {
    "id": 1319,
    "chinese": "绘制slide",
    "english": ""
  },
  {
    "id": 1320,
    "chinese": "今天很忙",
    "english": ""
  }
]