[
  {
    "id": 1261,
    "chinese": "今天很busy",
    "english": ""
  },
  {
    "id": 1262,
    "chinese": "新开的bar",
    "english": ""
  },
  {
    "id": 1263,
    "chinese": "Group聚会",
    "english": ""
  },
  {
    "id": 1264,
    "chinese": "Apply for Scholarships",
    "english": ""
  },
  {
    "id": 1265,
    "chinese": "论文合作者",
    "english": ""
  },
  {
    "id": 1266,
    "chinese": "Read the survey",
    "english": ""
  },
  {
    "id": 1267,
    "chinese": "建立基准",
    "english": ""
  },
  {
    "id": 1268,
    "chinese": "谷歌搜索",
    "english": ""
  },
  {
    "id": 1269,
    "chinese": "打basketball",
    "english": ""
  },
  {
    "id": 1270,
    "chinese": "video information",
    "english": ""
  },
  {
    "id": 1271,
    "chinese": "独特的标志",
    "english": ""
  },
  {
    "id": 1272,
    "chinese": "论文authors",
    "english": ""
  },
  {
    "id": 1273,
    "chinese": "Share me the link",
    "english": ""
  },
  {
    "id": 1274,
    "chinese": "做场presentation",
    "english": ""
  },
  {
    "id": 1275,
    "chinese": "Make a schedule",
    "english": ""
  },
  {
    "id": 1276,
    "chinese": "建立基准",
    "english": ""
  },
  {
    "id": 1277,
    "chinese": "做态势分析",
    "english": ""
  },
  {
    "id": 1278,
    "chinese": "Online editing",
    "english": ""
  },
  {
    "id": 1279,
    "chinese": "今天很busy",
    "english": ""
  },
  {
    "id": 1280,
    "chinese": "尽快submit papers",
    "english": ""
  },
  {
    "id": 1281,
    "chinese": "Attend the top conference",
    "english": ""
  },
  {
    "id": 1282,
    "chinese": "修订proposal",
    "english": ""
  },
  {
    "id": 1283,
    "chinese": "尝起来pretty good",
    "english": ""
  },
  {
    "id": 1284,
    "chinese": "论文合作者",
    "english": ""
  },
  {
    "id": 1285,
    "chinese": "table tennis比赛",
    "english": ""
  },
  {
    "id": 1286,
    "chinese": "Yeah, and then",
    "english": ""
  },
  {
    "id": 1287,
    "chinese": "Start brainstorm",
    "english": ""
  },
  {
    "id": 1288,
    "chinese": "Pizza is delicious.",
    "english": ""
  },
  {
    "id": 1289,
    "chinese": "修订proposal",
    "english": ""
  },
  {
    "id": 1290,
    "chinese": "Idea doesn't work",
    "english": ""
  }
]