[
  {
    "id": 871,
    "chinese": "WiFi网络",
    "english": ""
  },
  {
    "id": 872,
    "chinese": "Group meeting",
    "english": ""
  },
  {
    "id": 873,
    "chinese": "Idea doesn't work",
    "english": ""
  },
  {
    "id": 874,
    "chinese": "This feeling",
    "english": ""
  },
  {
    "id": 875,
    "chinese": "小狗很可爱",
    "english": ""
  },
  {
    "id": 876,
    "chinese": "paper authors",
    "english": ""
  },
  {
    "id": 877,
    "chinese": "做场演讲",
    "english": ""
  },
  {
    "id": 878,
    "chinese": "Relevant research",
    "english": ""
  },
  {
    "id": 879,
    "chinese": "traditions difference",
    "english": ""
  },
  {
    "id": 880,
    "chinese": "填写表格",
    "english": ""
  },
  {
    "id": 881,
    "chinese": "Sing hip-hop music",
    "english": ""
  },
  {
    "id": 882,
    "chinese": "申请奖学金",
    "english": ""
  },
  {
    "id": 883,
    "chinese": "大数据分析",
    "english": ""
  },
  {
    "id": 884,
    "chinese": "谷歌搜索",
    "english": ""
  },
  {
    "id": 885,
    "chinese": "team building plans",
    "english": ""
  },
  {
    "id": 886,
    "chinese": "Iphones are expensive",
    "english": ""
  },
  {
    "id": 887,
    "chinese": "披萨很好吃",
    "english": ""
  },
  {
    "id": 888,
    "chinese": "Modify the proposal",
    "english": ""
  },
  {
    "id": 889,
    "chinese": "paper authors",
    "english": ""
  },
  {
    "id": 890,
    "chinese": "New beer",
    "english": ""
  },
  {
    "id": 891,
    "chinese": "收到封email",
    "english": ""
  },
  {
    "id": 892,
    "chinese": "独特的标语",
    "english": ""
  },
  {
    "id": 893,
    "chinese": "Have lunch",
    "english": ""
  },
  {
    "id": 894,
    "chinese": "修改建议",
    "english": ""
  },
  {
    "id": 895,
    "chinese": "交换ideas",
    "english": ""
  },
  {
    "id": 896,
    "chinese": "乒乓球比赛",
    "english": ""
  },
  {
    "id": 897,
    "chinese": "Introduce motivations",
    "english": ""
  },
  {
    "id": 898,
    "chinese": "文章被accepted",
    "english": ""
  },
  {
    "id": 899,
    "chinese": "制定schedule",
    "english": ""
  },
  {
    "id": 900,
    "chinese": "申请Scholarships",
    "english": ""
  }
]