[
  {
    "id": 571,
    "chinese": "audio信息",
    "english": ""
  },
  {
    "id": 572,
    "chinese": "保持balance",
    "english": ""
  },
  {
    "id": 573,
    "chinese": "baseline方法",
    "english": ""
  },
  {
    "id": 574,
    "chinese": "today is very busy",
    "english": ""
  },
  {
    "id": 575,
    "chinese": "paper authors",
    "english": ""
  },
  {
    "id": 576,
    "chinese": "制定备选方案",
    "english": ""
  },
  {
    "id": 577,
    "chinese": "尝起来不错",
    "english": ""
  },
  {
    "id": 578,
    "chinese": "添加你微信",
    "english": ""
  },
  {
    "id": 579,
    "chinese": "阅读综述",
    "english": ""
  },
  {
    "id": 580,
    "chinese": "独特的slogan",
    "english": ""
  },
  {
    "id": 581,
    "chinese": "Modify the proposal",
    "english": ""
  },
  {
    "id": 582,
    "chinese": "这个feeling",
    "english": ""
  },
  {
    "id": 583,
    "chinese": "填写form",
    "english": ""
  },
  {
    "id": 584,
    "chinese": "吃顿午餐",
    "english": ""
  },
  {
    "id": 585,
    "chinese": "分享我链接",
    "english": ""
  },
  {
    "id": 586,
    "chinese": "Iphones are expensive",
    "english": ""
  },
  {
    "id": 587,
    "chinese": "汉语proficiency",
    "english": ""
  },
  {
    "id": 588,
    "chinese": "Iphone很贵",
    "english": ""
  },
  {
    "id": 589,
    "chinese": "寻找志愿者",
    "english": ""
  },
  {
    "id": 590,
    "chinese": "Set a flag",
    "english": ""
  },
  {
    "id": 591,
    "chinese": "Party at home",
    "english": ""
  },
  {
    "id": 592,
    "chinese": "love running",
    "english": ""
  },
  {
    "id": 593,
    "chinese": "WiFi hotspot",
    "english": ""
  },
  {
    "id": 594,
    "chinese": "Make a demo",
    "english": ""
  },
  {
    "id": 595,
    "chinese": "Interesting ideas",
    "english": ""
  },
  {
    "id": 596,
    "chinese": "traditions difference",
    "english": ""
  },
  {
    "id": 597,
    "chinese": "WiFi热点",
    "english": ""
  },
  {
    "id": 598,
    "chinese": "Google search",
    "english": ""
  },
  {
    "id": 599,
    "chinese": "小狗很可爱",
    "english": ""
  },
  {
    "id": 600,
    "chinese": "立个flag",
    "english": ""
  }
]