[
  {
    "id": 331,
    "chinese": "Deep learning模型",
    "english": ""
  },
  {
    "id": 332,
    "chinese": "阅读survey",
    "english": ""
  },
  {
    "id": 333,
    "chinese": "Remote editing",
    "english": ""
  },
  {
    "id": 334,
    "chinese": "在海边放松",
    "english": ""
  },
  {
    "id": 335,
    "chinese": "English proficiency",
    "english": ""
  },
  {
    "id": 336,
    "chinese": "today is very busy",
    "english": ""
  },
  {
    "id": 337,
    "chinese": "发送封email",
    "english": ""
  },
  {
    "id": 338,
    "chinese": "发送封邮件",
    "english": ""
  },
  {
    "id": 339,
    "chinese": "买件新夹克",
    "english": ""
  },
  {
    "id": 340,
    "chinese": "Modify the proposal",
    "english": ""
  },
  {
    "id": 341,
    "chinese": "小猫很cute",
    "english": ""
  },
  {
    "id": 342,
    "chinese": "Set a flag",
    "english": ""
  },
  {
    "id": 343,
    "chinese": "平板很贵",
    "english": ""
  },
  {
    "id": 344,
    "chinese": "holiday skiing",
    "english": ""
  },
  {
    "id": 345,
    "chinese": "介绍动机",
    "english": ""
  },
  {
    "id": 346,
    "chinese": "idea很有趣",
    "english": ""
  },
  {
    "id": 347,
    "chinese": "绘制幻灯片",
    "english": ""
  },
  {
    "id": 348,
    "chinese": "发送封email",
    "english": ""
  },
  {
    "id": 349,
    "chinese": "网球比赛",
    "english": ""
  },
  {
    "id": 350,
    "chinese": "谷歌搜索",
    "english": ""
  },
  {
    "id": 351,
    "chinese": "Google搜索",
    "english": ""
  },
  {
    "id": 352,
    "chinese": "文章被accepted",
    "english": ""
  },
  {
    "id": 353,
    "chinese": "show off oneself",
    "english": ""
  },
  {
    "id": 354,
    "chinese": "Group开会",
    "english": ""
  },
  {
    "id": 355,
    "chinese": "小猫很cute",
    "english": ""
  },
  {
    "id": 356,
    "chinese": "Update mobile app",
    "english": ""
  },
  {
    "id": 357,
    "chinese": "Play Baseball",
    "english": ""
  },
  {
    "id": 358,
    "chinese": "打篮球",
    "english": ""
  },
  {
    "id": 359,
    "chinese": "下周徒步",
    "english": ""
  },
  {
    "id": 360,
    "chinese": "Send me the link",
    "english": ""
  }
]