[
  {
    "id": 1411,
    "chinese": "阅读综述",
    "english": ""
  },
  {
    "id": 1412,
    "chinese": "Start brainstorm",
    "english": ""
  },
  {
    "id": 1413,
    "chinese": "复制文本",
    "english": ""
  },
  {
    "id": 1414,
    "chinese": "论文authors",
    "english": ""
  },
  {
    "id": 1415,
    "chinese": "调试代码",
    "english": ""
  },
  {
    "id": 1416,
    "chinese": "分享我Link",
    "english": ""
  },
  {
    "id": 1417,
    "chinese": "submit papers quickly",
    "english": ""
  },
  {
    "id": 1418,
    "chinese": "小猫很cute",
    "english": ""
  },
  {
    "id": 1419,
    "chinese": "团队建设计划",
    "english": ""
  },
  {
    "id": 1420,
    "chinese": "Group聚会",
    "english": ""
  },
  {
    "id": 1421,
    "chinese": "发送我链接",
    "english": ""
  },
  {
    "id": 1422,
    "chinese": "video信息",
    "english": ""
  },
  {
    "id": 1423,
    "chinese": "New beer",
    "english": ""
  },
  {
    "id": 1424,
    "chinese": "下周徒步",
    "english": ""
  },
  {
    "id": 1425,
    "chinese": "英语speaking naturally",
    "english": ""
  },
  {
    "id": 1426,
    "chinese": "分享我链接",
    "english": ""
  },
  {
    "id": 1427,
    "chinese": "制作模型",
    "english": ""
  },
  {
    "id": 1428,
    "chinese": "看场电影",
    "english": ""
  },
  {
    "id": 1429,
    "chinese": "远程编辑",
    "english": ""
  },
  {
    "id": 1430,
    "chinese": "新开的bar",
    "english": ""
  },
  {
    "id": 1431,
    "chinese": "汉语熟练程度",
    "english": ""
  },
  {
    "id": 1432,
    "chinese": "Group meeting",
    "english": ""
  },
  {
    "id": 1433,
    "chinese": "Idea works",
    "english": ""
  },
  {
    "id": 1434,
    "chinese": "制作demo",
    "english": ""
  },
  {
    "id": 1435,
    "chinese": "show off oneself",
    "english": ""
  },
  {
    "id": 1436,
    "chinese": "Make a presentation",
    "english": ""
  },
  {
    "id": 1437,
    "chinese": "新开的bar",
    "english": ""
  },
  {
    "id": 1438,
    "chinese": "收到封邮件",
    "english": ""
  },
  {
    "id": 1439,
    "chinese": "制定计划",
    "english": ""
  },
  {
    "id": 1440,
    "chinese": "exchange ideas",
    "english": ""
  }
]