[
  {
    "id": 601,
    "chinese": "paper co-authors",
    "english": ""
  },
  {
    "id": 602,
    "chinese": "阅读综述",
    "english": ""
  },
  {
    "id": 603,
    "chinese": "做场演讲",
    "english": ""
  },
  {
    "id": 604,
    "chinese": "Update mobile app",
    "english": ""
  },
  {
    "id": 605,
    "chinese": "苹果手机很贵",
    "english": ""
  },
  {
    "id": 606,
    "chinese": "holiday skiing",
    "english": ""
  },
  {
    "id": 607,
    "chinese": "Do a SWOT analysis",
    "english": ""
  },
  {
    "id": 608,
    "chinese": "爱好跑步",
    "english": ""
  },
  {
    "id": 609,
    "chinese": "Group party",
    "english": ""
  },
  {
    "id": 610,
    "chinese": "文章被accepted",
    "english": ""
  },
  {
    "id": 611,
    "chinese": "unique logo",
    "english": ""
  },
  {
    "id": 612,
    "chinese": "发送我Link",
    "english": ""
  },
  {
    "id": 613,
    "chinese": "Deep learning model",
    "english": ""
  },
  {
    "id": 614,
    "chinese": "寻找volunteers",
    "english": ""
  },
  {
    "id": 615,
    "chinese": "WiFi network",
    "english": ""
  },
  {
    "id": 616,
    "chinese": "无线网络",
    "english": ""
  },
  {
    "id": 617,
    "chinese": "是的，然后呢",
    "english": ""
  },
  {
    "id": 618,
    "chinese": "Like pop music",
    "english": ""
  },
  {
    "id": 619,
    "chinese": "shopping next week",
    "english": ""
  },
  {
    "id": 620,
    "chinese": "Love reading",
    "english": ""
  },
  {
    "id": 621,
    "chinese": "假日skating",
    "english": ""
  },
  {
    "id": 622,
    "chinese": "发送我链接",
    "english": ""
  },
  {
    "id": 623,
    "chinese": "别emo了",
    "english": ""
  },
  {
    "id": 624,
    "chinese": "下周购物",
    "english": ""
  },
  {
    "id": 625,
    "chinese": "签证过期",
    "english": ""
  },
  {
    "id": 626,
    "chinese": "下周shopping",
    "english": ""
  },
  {
    "id": 627,
    "chinese": "想法行得通",
    "english": ""
  },
  {
    "id": 628,
    "chinese": "别emo了",
    "english": ""
  },
  {
    "id": 629,
    "chinese": "深度学习模型",
    "english": ""
  },
  {
    "id": 630,
    "chinese": "尝起来pretty good",
    "english": ""
  }
]