[
  {
    "id": 1081,
    "chinese": "Make a presentation",
    "english": ""
  },
  {
    "id": 1082,
    "chinese": "想法很有趣",
    "english": ""
  },
  {
    "id": 1083,
    "chinese": "Idea works",
    "english": ""
  },
  {
    "id": 1084,
    "chinese": "Update mobile app",
    "english": ""
  },
  {
    "id": 1085,
    "chinese": "WiFi热点",
    "english": ""
  },
  {
    "id": 1086,
    "chinese": "尝起来不错",
    "english": ""
  },
  {
    "id": 1087,
    "chinese": "乒乓球比赛",
    "english": ""
  },
  {
    "id": 1088,
    "chinese": "Set a flag",
    "english": ""
  },
  {
    "id": 1089,
    "chinese": "paper was accepted",
    "english": ""
  },
  {
    "id": 1090,
    "chinese": "买件新夹克",
    "english": ""
  },
  {
    "id": 1091,
    "chinese": "sounds pretty good",
    "english": ""
  },
  {
    "id": 1092,
    "chinese": "喜欢pop music",
    "english": ""
  },
  {
    "id": 1093,
    "chinese": "网球比赛",
    "english": ""
  },
  {
    "id": 1094,
    "chinese": "unique logo",
    "english": ""
  },
  {
    "id": 1095,
    "chinese": "发送封email",
    "english": ""
  },
  {
    "id": 1096,
    "chinese": "Send an email",
    "english": ""
  },
  {
    "id": 1097,
    "chinese": "听起来pretty good",
    "english": ""
  },
  {
    "id": 1098,
    "chinese": "Create the benchmark",
    "english": ""
  },
  {
    "id": 1099,
    "chinese": "你 OUT了",
    "english": ""
  },
  {
    "id": 1100,
    "chinese": "爱好reading",
    "english": ""
  },
  {
    "id": 1101,
    "chinese": "是的，然后呢",
    "english": ""
  },
  {
    "id": 1102,
    "chinese": "Play basketball",
    "english": ""
  },
  {
    "id": 1103,
    "chinese": "制定backup plan",
    "english": ""
  },
  {
    "id": 1104,
    "chinese": "向主管汇报",
    "english": ""
  },
  {
    "id": 1105,
    "chinese": "假日滑冰",
    "english": ""
  },
  {
    "id": 1106,
    "chinese": "音频信息",
    "english": ""
  },
  {
    "id": 1107,
    "chinese": "baseline method",
    "english": ""
  },
  {
    "id": 1108,
    "chinese": "Yeah, and then",
    "english": ""
  },
  {
    "id": 1109,
    "chinese": "Google search",
    "english": ""
  },
  {
    "id": 1110,
    "chinese": "文章开源",
    "english": ""
  }
]