[
  {
    "id": 1,
    "chinese": "视频信息",
    "english": ""
  },
  {
    "id": 2,
    "chinese": "holiday skating",
    "english": ""
  },
  {
    "id": 3,
    "chinese": "建立基准",
    "english": ""
  },
  {
    "id": 4,
    "chinese": "paper co-authors",
    "english": ""
  },
  {
    "id": 5,
    "chinese": "唱hip-hop music",
    "english": ""
  },
  {
    "id": 6,
    "chinese": "Skip lunch",
    "english": ""
  },
  {
    "id": 7,
    "chinese": "建立benchmark",
    "english": ""
  },
  {
    "id": 8,
    "chinese": "Keep a balance",
    "english": ""
  },
  {
    "id": 9,
    "chinese": "爱好阅读",
    "english": ""
  },
  {
    "id": 10,
    "chinese": "音频信息",
    "english": ""
  },
  {
    "id": 11,
    "chinese": "hiking next week",
    "english": ""
  },
  {
    "id": 12,
    "chinese": "table tennis比赛",
    "english": ""
  },
  {
    "id": 13,
    "chinese": "Google搜索",
    "english": ""
  },
  {
    "id": 14,
    "chinese": "Attend the top conference",
    "english": ""
  },
  {
    "id": 15,
    "chinese": "audio信息",
    "english": ""
  },
  {
    "id": 16,
    "chinese": "独特的标语",
    "english": ""
  },
  {
    "id": 17,
    "chinese": "独特的标语",
    "english": ""
  },
  {
    "id": 18,
    "chinese": "制定备选方案",
    "english": ""
  },
  {
    "id": 19,
    "chinese": "video information",
    "english": ""
  },
  {
    "id": 20,
    "chinese": "He's very friendly.",
    "english": ""
  },
  {
    "id": 21,
    "chinese": "English proficiency",
    "english": ""
  },
  {
    "id": 22,
    "chinese": "论文作者",
    "english": ""
  },
  {
    "id": 23,
    "chinese": "submit papers quickly",
    "english": ""
  },
  {
    "id": 24,
    "chinese": "想法行得通",
    "english": ""
  },
  {
    "id": 25,
    "chinese": "调试代码",
    "english": ""
  },
  {
    "id": 26,
    "chinese": "WiFi network",
    "english": ""
  },
  {
    "id": 27,
    "chinese": "Looking for volunteers",
    "english": ""
  },
  {
    "id": 28,
    "chinese": "喜欢pop music",
    "english": ""
  },
  {
    "id": 29,
    "chinese": "复制文本",
    "english": ""
  },
  {
    "id": 30,
    "chinese": "tennis比赛",
    "english": ""
  }
]