[
  {
    "id": 1021,
    "chinese": "在海边放松",
    "english": ""
  },
  {
    "id": 1022,
    "chinese": "添加你微信",
    "english": ""
  },
  {
    "id": 1023,
    "chinese": "机器学习模型",
    "english": ""
  },
  {
    "id": 1024,
    "chinese": "这个感觉",
    "english": ""
  },
  {
    "id": 1025,
    "chinese": "Chocolate flavor",
    "english": ""
  },
  {
    "id": 1026,
    "chinese": "分享我链接",
    "english": ""
  },
  {
    "id": 1027,
    "chinese": "比赛最佳球员",
    "english": ""
  },
  {
    "id": 1028,
    "chinese": "idea很有趣",
    "english": ""
  },
  {
    "id": 1029,
    "chinese": "修订proposal",
    "english": ""
  },
  {
    "id": 1030,
    "chinese": "想法不work",
    "english": ""
  },
  {
    "id": 1031,
    "chinese": "copy the text",
    "english": ""
  },
  {
    "id": 1032,
    "chinese": "做场presentation",
    "english": ""
  },
  {
    "id": 1033,
    "chinese": "尽快submit papers",
    "english": ""
  },
  {
    "id": 1034,
    "chinese": "看场movie",
    "english": ""
  },
  {
    "id": 1035,
    "chinese": "发送封邮件",
    "english": ""
  },
  {
    "id": 1036,
    "chinese": "English proficiency",
    "english": ""
  },
  {
    "id": 1037,
    "chinese": "巧克力口味",
    "english": ""
  },
  {
    "id": 1038,
    "chinese": "You're OUT.",
    "english": ""
  },
  {
    "id": 1039,
    "chinese": "He's very friendly.",
    "english": ""
  },
  {
    "id": 1040,
    "chinese": "在海边relax",
    "english": ""
  },
  {
    "id": 1041,
    "chinese": "Remote editing",
    "english": ""
  },
  {
    "id": 1042,
    "chinese": "Fill in the form",
    "english": ""
  },
  {
    "id": 1043,
    "chinese": "audio information",
    "english": ""
  },
  {
    "id": 1044,
    "chinese": "Create the backup plan",
    "english": ""
  },
  {
    "id": 1045,
    "chinese": "文章被rejected",
    "english": ""
  },
  {
    "id": 1046,
    "chinese": "Deep learning模型",
    "english": ""
  },
  {
    "id": 1047,
    "chinese": "在线editing",
    "english": ""
  },
  {
    "id": 1048,
    "chinese": "Big Data分析",
    "english": ""
  },
  {
    "id": 1049,
    "chinese": "修订建议",
    "english": ""
  },
  {
    "id": 1050,
    "chinese": "没吃brunch",
    "english": ""
  }
]