[
  {
    "id": 691,
    "chinese": "无线热点",
    "english": ""
  },
  {
    "id": 692,
    "chinese": "shopping next week",
    "english": ""
  },
  {
    "id": 693,
    "chinese": "巧克力口味",
    "english": ""
  },
  {
    "id": 694,
    "chinese": "苹果手机很贵",
    "english": ""
  },
  {
    "id": 695,
    "chinese": "Online editing",
    "english": ""
  },
  {
    "id": 696,
    "chinese": "相关的research",
    "english": ""
  },
  {
    "id": 697,
    "chinese": "做SWOT analysis",
    "english": ""
  },
  {
    "id": 698,
    "chinese": "Chinese proficiency",
    "english": ""
  },
  {
    "id": 699,
    "chinese": "英语proficiency",
    "english": ""
  },
  {
    "id": 700,
    "chinese": "Get the Funding",
    "english": ""
  },
  {
    "id": 701,
    "chinese": "买件新夹克",
    "english": ""
  },
  {
    "id": 702,
    "chinese": "Tennis match",
    "english": ""
  },
  {
    "id": 703,
    "chinese": "你退出了",
    "english": ""
  },
  {
    "id": 704,
    "chinese": "平板很贵",
    "english": ""
  },
  {
    "id": 705,
    "chinese": "打棒球",
    "english": ""
  },
  {
    "id": 706,
    "chinese": "阅读survey",
    "english": ""
  },
  {
    "id": 707,
    "chinese": "阅读survey",
    "english": ""
  },
  {
    "id": 708,
    "chinese": "在海边放松",
    "english": ""
  },
  {
    "id": 709,
    "chinese": "audio information",
    "english": ""
  },
  {
    "id": 710,
    "chinese": "大数据分析",
    "english": ""
  },
  {
    "id": 711,
    "chinese": "汉语proficiency",
    "english": ""
  },
  {
    "id": 712,
    "chinese": "立个目标",
    "english": ""
  },
  {
    "id": 713,
    "chinese": "打basketball",
    "english": ""
  },
  {
    "id": 714,
    "chinese": "He's very friendly.",
    "english": ""
  },
  {
    "id": 715,
    "chinese": "new bar",
    "english": ""
  },
  {
    "id": 716,
    "chinese": "My good friends",
    "english": ""
  },
  {
    "id": 717,
    "chinese": "吃顿午餐",
    "english": ""
  },
  {
    "id": 718,
    "chinese": "在家开派对",
    "english": ""
  },
  {
    "id": 719,
    "chinese": "Online editing",
    "english": ""
  },
  {
    "id": 720,
    "chinese": "Ipad很贵",
    "english": ""
  }
]