[
  {
    "id": 511,
    "chinese": "Play Baseball",
    "english": ""
  },
  {
    "id": 512,
    "chinese": "Receive an email",
    "english": ""
  },
  {
    "id": 513,
    "chinese": "这个感觉",
    "english": ""
  },
  {
    "id": 514,
    "chinese": "Receive an email",
    "english": ""
  },
  {
    "id": 515,
    "chinese": "traditions difference",
    "english": ""
  },
  {
    "id": 516,
    "chinese": "Chocolate口味",
    "english": ""
  },
  {
    "id": 517,
    "chinese": "WiFi hotspot",
    "english": ""
  },
  {
    "id": 518,
    "chinese": "更新手机应用",
    "english": ""
  },
  {
    "id": 519,
    "chinese": "修改建议",
    "english": ""
  },
  {
    "id": 520,
    "chinese": "向主管汇报",
    "english": ""
  },
  {
    "id": 521,
    "chinese": "爱好running",
    "english": ""
  },
  {
    "id": 522,
    "chinese": "独特的logo",
    "english": ""
  },
  {
    "id": 523,
    "chinese": "打Baseball",
    "english": ""
  },
  {
    "id": 524,
    "chinese": "拿到基金",
    "english": ""
  },
  {
    "id": 525,
    "chinese": "制作demo",
    "english": ""
  },
  {
    "id": 526,
    "chinese": "吃顿brunch",
    "english": ""
  },
  {
    "id": 527,
    "chinese": "假日skating",
    "english": ""
  },
  {
    "id": 528,
    "chinese": "添加你WeChat",
    "english": ""
  },
  {
    "id": 529,
    "chinese": "远程编辑",
    "english": ""
  },
  {
    "id": 530,
    "chinese": "visa过期",
    "english": ""
  },
  {
    "id": 531,
    "chinese": "Keep a balance",
    "english": ""
  },
  {
    "id": 532,
    "chinese": "制定schedule",
    "english": ""
  },
  {
    "id": 533,
    "chinese": "假日滑冰",
    "english": ""
  },
  {
    "id": 534,
    "chinese": "收到封email",
    "english": ""
  },
  {
    "id": 535,
    "chinese": "假日滑雪",
    "english": ""
  },
  {
    "id": 536,
    "chinese": "WiFi hotspot",
    "english": ""
  },
  {
    "id": 537,
    "chinese": "申请Scholarships",
    "english": ""
  },
  {
    "id": 538,
    "chinese": "sounds pretty good",
    "english": ""
  },
  {
    "id": 539,
    "chinese": "在家开party",
    "english": ""
  },
  {
    "id": 540,
    "chinese": "speak english naturally",
    "english": ""
  }
]