[
  {
    "id": 931,
    "chinese": "我的good friends",
    "english": ""
  },
  {
    "id": 932,
    "chinese": "保持balance",
    "english": ""
  },
  {
    "id": 933,
    "chinese": "unique slogan",
    "english": ""
  },
  {
    "id": 934,
    "chinese": "Drink coffee regularly",
    "english": ""
  },
  {
    "id": 935,
    "chinese": "大数据分析",
    "english": ""
  },
  {
    "id": 936,
    "chinese": "独特的标志",
    "english": ""
  },
  {
    "id": 937,
    "chinese": "看场movie",
    "english": ""
  },
  {
    "id": 938,
    "chinese": "Ipad很贵",
    "english": ""
  },
  {
    "id": 939,
    "chinese": "shopping next week",
    "english": ""
  },
  {
    "id": 940,
    "chinese": "绘制幻灯片",
    "english": ""
  },
  {
    "id": 941,
    "chinese": "下周购物",
    "english": ""
  },
  {
    "id": 942,
    "chinese": "Drink coffee regularly",
    "english": ""
  },
  {
    "id": 943,
    "chinese": "修改proposal",
    "english": ""
  },
  {
    "id": 944,
    "chinese": "Have lunch",
    "english": ""
  },
  {
    "id": 945,
    "chinese": "介绍motivations",
    "english": ""
  },
  {
    "id": 946,
    "chinese": "Create the backup plan",
    "english": ""
  },
  {
    "id": 947,
    "chinese": "爱好跑步",
    "english": ""
  },
  {
    "id": 948,
    "chinese": "爱好running",
    "english": ""
  },
  {
    "id": 949,
    "chinese": "Add your WeChat",
    "english": ""
  },
  {
    "id": 950,
    "chinese": "在线editing",
    "english": ""
  },
  {
    "id": 951,
    "chinese": "Have lunch",
    "english": ""
  },
  {
    "id": 952,
    "chinese": "Send me the link",
    "english": ""
  },
  {
    "id": 953,
    "chinese": "听起来pretty good",
    "english": ""
  },
  {
    "id": 954,
    "chinese": "参加top conference",
    "english": ""
  },
  {
    "id": 955,
    "chinese": "Group开会",
    "english": ""
  },
  {
    "id": 956,
    "chinese": "Send an email",
    "english": ""
  },
  {
    "id": 957,
    "chinese": "小组开会",
    "english": ""
  },
  {
    "id": 958,
    "chinese": "小组开会",
    "english": ""
  },
  {
    "id": 959,
    "chinese": "New beer",
    "english": ""
  },
  {
    "id": 960,
    "chinese": "小组开会",
    "english": ""
  }
]