[
  {
    "id": 721,
    "chinese": "Relevant research",
    "english": ""
  },
  {
    "id": 722,
    "chinese": "阅读综述",
    "english": ""
  },
  {
    "id": 723,
    "chinese": "唱hip-hop music",
    "english": ""
  },
  {
    "id": 724,
    "chinese": "唱hip-hop music",
    "english": ""
  },
  {
    "id": 725,
    "chinese": "Make a demo",
    "english": ""
  },
  {
    "id": 726,
    "chinese": "Read the survey",
    "english": ""
  },
  {
    "id": 727,
    "chinese": "交换ideas",
    "english": ""
  },
  {
    "id": 728,
    "chinese": "介绍动机",
    "english": ""
  },
  {
    "id": 729,
    "chinese": "visa有效",
    "english": ""
  },
  {
    "id": 730,
    "chinese": "My good friends",
    "english": ""
  },
  {
    "id": 731,
    "chinese": "Google search",
    "english": ""
  },
  {
    "id": 732,
    "chinese": "Create the backup plan",
    "english": ""
  },
  {
    "id": 733,
    "chinese": "视频信息",
    "english": ""
  },
  {
    "id": 734,
    "chinese": "论文Co-authors",
    "english": ""
  },
  {
    "id": 735,
    "chinese": "吃顿brunch",
    "english": ""
  },
  {
    "id": 736,
    "chinese": "audio information",
    "english": ""
  },
  {
    "id": 737,
    "chinese": "听起来不错",
    "english": ""
  },
  {
    "id": 738,
    "chinese": "exchange ideas",
    "english": ""
  },
  {
    "id": 739,
    "chinese": "Iphones are expensive",
    "english": ""
  },
  {
    "id": 740,
    "chinese": "baseline method",
    "english": ""
  },
  {
    "id": 741,
    "chinese": "Puppies are cute.",
    "english": ""
  },
  {
    "id": 742,
    "chinese": "你 OUT了",
    "english": ""
  },
  {
    "id": 743,
    "chinese": "Buy a new jacket",
    "english": ""
  },
  {
    "id": 744,
    "chinese": "This feeling",
    "english": ""
  },
  {
    "id": 745,
    "chinese": "Deep learning model",
    "english": ""
  },
  {
    "id": 746,
    "chinese": "发送我Link",
    "english": ""
  },
  {
    "id": 747,
    "chinese": "谷歌搜索",
    "english": ""
  },
  {
    "id": 748,
    "chinese": "table tennis match",
    "english": ""
  },
  {
    "id": 749,
    "chinese": "我的好朋友",
    "english": ""
  },
  {
    "id": 750,
    "chinese": "Kittens are cute.",
    "english": ""
  }
]