[
  {
    "id": 631,
    "chinese": "他很friendly",
    "english": ""
  },
  {
    "id": 632,
    "chinese": "喜欢流行音乐",
    "english": ""
  },
  {
    "id": 633,
    "chinese": "假日滑雪",
    "english": ""
  },
  {
    "id": 634,
    "chinese": "苹果手机很贵",
    "english": ""
  },
  {
    "id": 635,
    "chinese": "披萨很好吃",
    "english": ""
  },
  {
    "id": 636,
    "chinese": "video信息",
    "english": ""
  },
  {
    "id": 637,
    "chinese": "开始brainstorm",
    "english": ""
  },
  {
    "id": 638,
    "chinese": "Add your WeChat",
    "english": ""
  },
  {
    "id": 639,
    "chinese": "小狗很cute",
    "english": ""
  },
  {
    "id": 640,
    "chinese": "paper was accepted",
    "english": ""
  },
  {
    "id": 641,
    "chinese": "Pizza is delicious.",
    "english": ""
  },
  {
    "id": 642,
    "chinese": "Create the benchmark",
    "english": ""
  },
  {
    "id": 643,
    "chinese": "Puppies are cute.",
    "english": ""
  },
  {
    "id": 644,
    "chinese": "table tennis比赛",
    "english": ""
  },
  {
    "id": 645,
    "chinese": "没吃brunch",
    "english": ""
  },
  {
    "id": 646,
    "chinese": "想法行得通",
    "english": ""
  },
  {
    "id": 647,
    "chinese": "机器学习模型",
    "english": ""
  },
  {
    "id": 648,
    "chinese": "唱嘻哈音乐",
    "english": ""
  },
  {
    "id": 649,
    "chinese": "文章被rejected",
    "english": ""
  },
  {
    "id": 650,
    "chinese": "英语讲的地道",
    "english": ""
  },
  {
    "id": 651,
    "chinese": "Read the survey",
    "english": ""
  },
  {
    "id": 652,
    "chinese": "发送我链接",
    "english": ""
  },
  {
    "id": 653,
    "chinese": "新开的酒吧",
    "english": ""
  },
  {
    "id": 654,
    "chinese": "做场演讲",
    "english": ""
  },
  {
    "id": 655,
    "chinese": "the Game MVP",
    "english": ""
  },
  {
    "id": 656,
    "chinese": "Remote editing",
    "english": ""
  },
  {
    "id": 657,
    "chinese": "发送封邮件",
    "english": ""
  },
  {
    "id": 658,
    "chinese": "Send me the link",
    "english": ""
  },
  {
    "id": 659,
    "chinese": "小组聚会",
    "english": ""
  },
  {
    "id": 660,
    "chinese": "爱好阅读",
    "english": ""
  }
]