[
  {
    "id": 1441,
    "chinese": "Yeah, and then",
    "english": ""
  },
  {
    "id": 1442,
    "chinese": "巧克力口味",
    "english": ""
  },
  {
    "id": 1443,
    "chinese": "制定schedule",
    "english": ""
  },
  {
    "id": 1444,
    "chinese": "Remote editing",
    "english": ""
  },
  {
    "id": 1445,
    "chinese": "想法行不通",
    "english": ""
  },
  {
    "id": 1446,
    "chinese": "文章Open access",
    "english": ""
  },
  {
    "id": 1447,
    "chinese": "debug the code",
    "english": ""
  },
  {
    "id": 1448,
    "chinese": "填写form",
    "english": ""
  },
  {
    "id": 1449,
    "chinese": "Puppies are cute.",
    "english": ""
  },
  {
    "id": 1450,
    "chinese": "别emo了",
    "english": ""
  },
  {
    "id": 1451,
    "chinese": "Group开会",
    "english": ""
  },
  {
    "id": 1452,
    "chinese": "添加你WeChat",
    "english": ""
  },
  {
    "id": 1453,
    "chinese": "relax by the sea",
    "english": ""
  },
  {
    "id": 1454,
    "chinese": "新款啤酒",
    "english": ""
  },
  {
    "id": 1455,
    "chinese": "Make a schedule",
    "english": ""
  },
  {
    "id": 1456,
    "chinese": "远程editing",
    "english": ""
  },
  {
    "id": 1457,
    "chinese": "汉语熟练程度",
    "english": ""
  },
  {
    "id": 1458,
    "chinese": "holiday skiing",
    "english": ""
  },
  {
    "id": 1459,
    "chinese": "平板很贵",
    "english": ""
  },
  {
    "id": 1460,
    "chinese": "Get the Funding",
    "english": ""
  },
  {
    "id": 1461,
    "chinese": "下周hiking",
    "english": ""
  },
  {
    "id": 1462,
    "chinese": "制定计划",
    "english": ""
  },
  {
    "id": 1463,
    "chinese": "没吃午餐",
    "english": ""
  },
  {
    "id": 1464,
    "chinese": "unique logo",
    "english": ""
  },
  {
    "id": 1465,
    "chinese": "Kittens are cute.",
    "english": ""
  },
  {
    "id": 1466,
    "chinese": "在家开party",
    "english": ""
  },
  {
    "id": 1467,
    "chinese": "visa过期",
    "english": ""
  },
  {
    "id": 1468,
    "chinese": "团队建设计划",
    "english": ""
  },
  {
    "id": 1469,
    "chinese": "sounds pretty good",
    "english": ""
  },
  {
    "id": 1470,
    "chinese": "下周徒步",
    "english": ""
  }
]