[
  {
    "id": 481,
    "chinese": "Send an email",
    "english": ""
  },
  {
    "id": 482,
    "chinese": "Machine Learning model",
    "english": ""
  },
  {
    "id": 483,
    "chinese": "爱好跑步",
    "english": ""
  },
  {
    "id": 484,
    "chinese": "制定backup plan",
    "english": ""
  },
  {
    "id": 485,
    "chinese": "建立基准",
    "english": ""
  },
  {
    "id": 486,
    "chinese": "tastes pretty good",
    "english": ""
  },
  {
    "id": 487,
    "chinese": "拿到录取通知",
    "english": ""
  },
  {
    "id": 488,
    "chinese": "小猫很可爱",
    "english": ""
  },
  {
    "id": 489,
    "chinese": "table tennis match",
    "english": ""
  },
  {
    "id": 490,
    "chinese": "平板很贵",
    "english": ""
  },
  {
    "id": 491,
    "chinese": "听起来pretty good",
    "english": ""
  },
  {
    "id": 492,
    "chinese": "听起来不错",
    "english": ""
  },
  {
    "id": 493,
    "chinese": "发送我链接",
    "english": ""
  },
  {
    "id": 494,
    "chinese": "绘制slide",
    "english": ""
  },
  {
    "id": 495,
    "chinese": "唱hip-hop music",
    "english": ""
  },
  {
    "id": 496,
    "chinese": "参加top conference",
    "english": ""
  },
  {
    "id": 497,
    "chinese": "修订proposal",
    "english": ""
  },
  {
    "id": 498,
    "chinese": "填写表格",
    "english": ""
  },
  {
    "id": 499,
    "chinese": "baseline方法",
    "english": ""
  },
  {
    "id": 500,
    "chinese": "revise the proposal",
    "english": ""
  },
  {
    "id": 501,
    "chinese": "爱好reading",
    "english": ""
  },
  {
    "id": 502,
    "chinese": "English proficiency",
    "english": ""
  },
  {
    "id": 503,
    "chinese": "show off自己",
    "english": ""
  },
  {
    "id": 504,
    "chinese": "Valid visa",
    "english": ""
  },
  {
    "id": 505,
    "chinese": "Create the benchmark",
    "english": ""
  },
  {
    "id": 506,
    "chinese": "签证有效",
    "english": ""
  },
  {
    "id": 507,
    "chinese": "debug代码",
    "english": ""
  },
  {
    "id": 508,
    "chinese": "watch a movie",
    "english": ""
  },
  {
    "id": 509,
    "chinese": "别焦虑了",
    "english": ""
  },
  {
    "id": 510,
    "chinese": "听起来不错",
    "english": ""
  }
]