[
  {
    "id": 1141,
    "chinese": "小组聚会",
    "english": ""
  },
  {
    "id": 1142,
    "chinese": "英语熟练程度",
    "english": ""
  },
  {
    "id": 1143,
    "chinese": "论文作者",
    "english": ""
  },
  {
    "id": 1144,
    "chinese": "收到封email",
    "english": ""
  },
  {
    "id": 1145,
    "chinese": "idea很有趣",
    "english": ""
  },
  {
    "id": 1146,
    "chinese": "尝起来不错",
    "english": ""
  },
  {
    "id": 1147,
    "chinese": "小猫很cute",
    "english": ""
  },
  {
    "id": 1148,
    "chinese": "love running",
    "english": ""
  },
  {
    "id": 1149,
    "chinese": "Google search",
    "english": ""
  },
  {
    "id": 1150,
    "chinese": "拿到Funding",
    "english": ""
  },
  {
    "id": 1151,
    "chinese": "吃顿brunch",
    "english": ""
  },
  {
    "id": 1152,
    "chinese": "介绍motivations",
    "english": ""
  },
  {
    "id": 1153,
    "chinese": "这个feeling",
    "english": ""
  },
  {
    "id": 1154,
    "chinese": "Pizza很好吃",
    "english": ""
  },
  {
    "id": 1155,
    "chinese": "看场电影",
    "english": ""
  },
  {
    "id": 1156,
    "chinese": "喜欢pop music",
    "english": ""
  },
  {
    "id": 1157,
    "chinese": "申请奖学金",
    "english": ""
  },
  {
    "id": 1158,
    "chinese": "假日skiing",
    "english": ""
  },
  {
    "id": 1159,
    "chinese": "打篮球",
    "english": ""
  },
  {
    "id": 1160,
    "chinese": "WiFi network",
    "english": ""
  },
  {
    "id": 1161,
    "chinese": "传统差异",
    "english": ""
  },
  {
    "id": 1162,
    "chinese": "Keep a balance",
    "english": ""
  },
  {
    "id": 1163,
    "chinese": "video信息",
    "english": ""
  },
  {
    "id": 1164,
    "chinese": "拿到录取通知",
    "english": ""
  },
  {
    "id": 1165,
    "chinese": "买件new jacket",
    "english": ""
  },
  {
    "id": 1166,
    "chinese": "我的good friends",
    "english": ""
  },
  {
    "id": 1167,
    "chinese": "Traditions差异",
    "english": ""
  },
  {
    "id": 1168,
    "chinese": "是的，然后呢",
    "english": ""
  },
  {
    "id": 1169,
    "chinese": "Get the offer",
    "english": ""
  },
  {
    "id": 1170,
    "chinese": "制定schedule",
    "english": ""
  }
]