[
  {
    "id": 61,
    "chinese": "更新手机app",
    "english": ""
  },
  {
    "id": 62,
    "chinese": "Kittens are cute.",
    "english": ""
  },
  {
    "id": 63,
    "chinese": "Expired visa",
    "english": ""
  },
  {
    "id": 64,
    "chinese": "别焦虑了",
    "english": ""
  },
  {
    "id": 65,
    "chinese": "论文合作者",
    "english": ""
  },
  {
    "id": 66,
    "chinese": "Sing hip-hop music",
    "english": ""
  },
  {
    "id": 67,
    "chinese": "尝起来pretty good",
    "english": ""
  },
  {
    "id": 68,
    "chinese": "他很friendly",
    "english": ""
  },
  {
    "id": 69,
    "chinese": "Stop emo",
    "english": ""
  },
  {
    "id": 70,
    "chinese": "制定备选方案",
    "english": ""
  },
  {
    "id": 71,
    "chinese": "介绍motivations",
    "english": ""
  },
  {
    "id": 72,
    "chinese": "the Game MVP",
    "english": ""
  },
  {
    "id": 73,
    "chinese": "这个feeling",
    "english": ""
  },
  {
    "id": 74,
    "chinese": "比赛最佳球员",
    "english": ""
  },
  {
    "id": 75,
    "chinese": "WiFi hotspot",
    "english": ""
  },
  {
    "id": 76,
    "chinese": "下周购物",
    "english": ""
  },
  {
    "id": 77,
    "chinese": "Play Baseball",
    "english": ""
  },
  {
    "id": 78,
    "chinese": "添加你微信",
    "english": ""
  },
  {
    "id": 79,
    "chinese": "拿到Funding",
    "english": ""
  },
  {
    "id": 80,
    "chinese": "小猫很可爱",
    "english": ""
  },
  {
    "id": 81,
    "chinese": "吃顿brunch",
    "english": ""
  },
  {
    "id": 82,
    "chinese": "Kittens are cute.",
    "english": ""
  },
  {
    "id": 83,
    "chinese": "Set a flag",
    "english": ""
  },
  {
    "id": 84,
    "chinese": "debug the code",
    "english": ""
  },
  {
    "id": 85,
    "chinese": "炫耀自己",
    "english": ""
  },
  {
    "id": 86,
    "chinese": "visa有效",
    "english": ""
  },
  {
    "id": 87,
    "chinese": "Attend the top conference",
    "english": ""
  },
  {
    "id": 88,
    "chinese": "Introduce motivations",
    "english": ""
  },
  {
    "id": 89,
    "chinese": "Big Data分析",
    "english": ""
  },
  {
    "id": 90,
    "chinese": "远程editing",
    "english": ""
  }
]