[
  {
    "id": 841,
    "chinese": "holiday skating",
    "english": ""
  },
  {
    "id": 842,
    "chinese": "paper authors",
    "english": ""
  },
  {
    "id": 843,
    "chinese": "team building计划",
    "english": ""
  },
  {
    "id": 844,
    "chinese": "更新手机app",
    "english": ""
  },
  {
    "id": 845,
    "chinese": "打棒球",
    "english": ""
  },
  {
    "id": 846,
    "chinese": "Chocolate口味",
    "english": ""
  },
  {
    "id": 847,
    "chinese": "收到封邮件",
    "english": ""
  },
  {
    "id": 848,
    "chinese": "Valid visa",
    "english": ""
  },
  {
    "id": 849,
    "chinese": "小狗很cute",
    "english": ""
  },
  {
    "id": 850,
    "chinese": "巧克力口味",
    "english": ""
  },
  {
    "id": 851,
    "chinese": "更新手机app",
    "english": ""
  },
  {
    "id": 852,
    "chinese": "无线热点",
    "english": ""
  },
  {
    "id": 853,
    "chinese": "Do a SWOT analysis",
    "english": ""
  },
  {
    "id": 854,
    "chinese": "在线editing",
    "english": ""
  },
  {
    "id": 855,
    "chinese": "小狗很cute",
    "english": ""
  },
  {
    "id": 856,
    "chinese": "Fill in the form",
    "english": ""
  },
  {
    "id": 857,
    "chinese": "你 OUT了",
    "english": ""
  },
  {
    "id": 858,
    "chinese": "别emo了",
    "english": ""
  },
  {
    "id": 859,
    "chinese": "填写表格",
    "english": ""
  },
  {
    "id": 860,
    "chinese": "Play basketball",
    "english": ""
  },
  {
    "id": 861,
    "chinese": "WiFi热点",
    "english": ""
  },
  {
    "id": 862,
    "chinese": "在线editing",
    "english": ""
  },
  {
    "id": 863,
    "chinese": "show off oneself",
    "english": ""
  },
  {
    "id": 864,
    "chinese": "制定backup plan",
    "english": ""
  },
  {
    "id": 865,
    "chinese": "Make a demo",
    "english": ""
  },
  {
    "id": 866,
    "chinese": "立个目标",
    "english": ""
  },
  {
    "id": 867,
    "chinese": "相关的研究",
    "english": ""
  },
  {
    "id": 868,
    "chinese": "Iphone很贵",
    "english": ""
  },
  {
    "id": 869,
    "chinese": "打篮球",
    "english": ""
  },
  {
    "id": 870,
    "chinese": "听起来pretty good",
    "english": ""
  }
]