[
  {
    "id": 361,
    "chinese": "Interesting ideas",
    "english": ""
  },
  {
    "id": 362,
    "chinese": "论文Co-authors",
    "english": ""
  },
  {
    "id": 363,
    "chinese": "相关的研究",
    "english": ""
  },
  {
    "id": 364,
    "chinese": "尝起来不错",
    "english": ""
  },
  {
    "id": 365,
    "chinese": "打棒球",
    "english": ""
  },
  {
    "id": 366,
    "chinese": "绘制slide",
    "english": ""
  },
  {
    "id": 367,
    "chinese": "team building plans",
    "english": ""
  },
  {
    "id": 368,
    "chinese": "英语熟练程度",
    "english": ""
  },
  {
    "id": 369,
    "chinese": "寻找volunteers",
    "english": ""
  },
  {
    "id": 370,
    "chinese": "He's very friendly.",
    "english": ""
  },
  {
    "id": 371,
    "chinese": "做态势分析",
    "english": ""
  },
  {
    "id": 372,
    "chinese": "文章Open access",
    "english": ""
  },
  {
    "id": 373,
    "chinese": "收到封email",
    "english": ""
  },
  {
    "id": 374,
    "chinese": "论文authors",
    "english": ""
  },
  {
    "id": 375,
    "chinese": "想法不work",
    "english": ""
  },
  {
    "id": 376,
    "chinese": "paper was accepted",
    "english": ""
  },
  {
    "id": 377,
    "chinese": "交换ideas",
    "english": ""
  },
  {
    "id": 378,
    "chinese": "他很friendly",
    "english": ""
  },
  {
    "id": 379,
    "chinese": "paper co-authors",
    "english": ""
  },
  {
    "id": 380,
    "chinese": "修订建议",
    "english": ""
  },
  {
    "id": 381,
    "chinese": "比赛MVP",
    "english": ""
  },
  {
    "id": 382,
    "chinese": "假日滑雪",
    "english": ""
  },
  {
    "id": 383,
    "chinese": "调试代码",
    "english": ""
  },
  {
    "id": 384,
    "chinese": "交换想法",
    "english": ""
  },
  {
    "id": 385,
    "chinese": "深度学习模型",
    "english": ""
  },
  {
    "id": 386,
    "chinese": "分享我Link",
    "english": ""
  },
  {
    "id": 387,
    "chinese": "拿到基金",
    "english": ""
  },
  {
    "id": 388,
    "chinese": "unique slogan",
    "english": ""
  },
  {
    "id": 389,
    "chinese": "比赛MVP",
    "english": ""
  },
  {
    "id": 390,
    "chinese": "Relevant research",
    "english": ""
  }
]