[
  {
    "id": 121,
    "chinese": "尽快提交论文",
    "english": ""
  },
  {
    "id": 122,
    "chinese": "是的，然后呢",
    "english": ""
  },
  {
    "id": 123,
    "chinese": "debug代码",
    "english": ""
  },
  {
    "id": 124,
    "chinese": "更新手机应用",
    "english": ""
  },
  {
    "id": 125,
    "chinese": "开始头脑风暴",
    "english": ""
  },
  {
    "id": 126,
    "chinese": "Relevant research",
    "english": ""
  },
  {
    "id": 127,
    "chinese": "Deep learning model",
    "english": ""
  },
  {
    "id": 128,
    "chinese": "table tennis比赛",
    "english": ""
  },
  {
    "id": 129,
    "chinese": "这个feeling",
    "english": ""
  },
  {
    "id": 130,
    "chinese": "传统差异",
    "english": ""
  },
  {
    "id": 131,
    "chinese": "paper was accepted",
    "english": ""
  },
  {
    "id": 132,
    "chinese": "汉语proficiency",
    "english": ""
  },
  {
    "id": 133,
    "chinese": "baseline方法",
    "english": ""
  },
  {
    "id": 134,
    "chinese": "新开的酒吧",
    "english": ""
  },
  {
    "id": 135,
    "chinese": "Draw a slide",
    "english": ""
  },
  {
    "id": 136,
    "chinese": "Apply for Scholarships",
    "english": ""
  },
  {
    "id": 137,
    "chinese": "Google搜索",
    "english": ""
  },
  {
    "id": 138,
    "chinese": "Play basketball",
    "english": ""
  },
  {
    "id": 139,
    "chinese": "新开的bar",
    "english": ""
  },
  {
    "id": 140,
    "chinese": "copy文本",
    "english": ""
  },
  {
    "id": 141,
    "chinese": "他很友好",
    "english": ""
  },
  {
    "id": 142,
    "chinese": "文章被接受",
    "english": ""
  },
  {
    "id": 143,
    "chinese": "You're OUT.",
    "english": ""
  },
  {
    "id": 144,
    "chinese": "Make a schedule",
    "english": ""
  },
  {
    "id": 145,
    "chinese": "Iphone很贵",
    "english": ""
  },
  {
    "id": 146,
    "chinese": "添加你WeChat",
    "english": ""
  },
  {
    "id": 147,
    "chinese": "交换ideas",
    "english": ""
  },
  {
    "id": 148,
    "chinese": "unique slogan",
    "english": ""
  },
  {
    "id": 149,
    "chinese": "New beer",
    "english": ""
  },
  {
    "id": 150,
    "chinese": "今天很busy",
    "english": ""
  }
]